JAN 2020,,,,,,,FEB 2020,,,,,,,MAR 2020,,,,,,,APR 2020,,,,,,,MAY 2020,,,,,,,JUN 2020,,,,,,,JUL 2020,,,,,,,AUG 2020,,,,,,,SEP 2020,,,,,,,OCT 2020,,,,,,,NOV 2020,,,,,,,DEC 2020,,,,,,,,,,,
"CATEGORY /
REGIONS /
STATE /
STATIONS",,,"Monitored
Capacity
(MW)",Target,,,"CATEGORY /
REGIONS /
STATE /
STATIONS",,,"Monitored
Capacity
(MW)",Target,,,"CATEGORY /
REGIONS /
STATE /
STATIONS",,,"Monitored
Capacity
(MW)",Target,,,"CATEGORY /
REGIONS /
STATE /
STATIONS",,,"Monitored
Capacity
(MW)",Target,,,"CATEGORY /
REGIONS /
STATE /
STATIONS",,,"Monitored
Capacity
(MW)",Target,,,"CATEGORY /
REGIONS /
STATE /
STATIONS",,,"Monitored
Capacity
(MW)",Target,,,"CATEGORY /
REGIONS /
STATE /
STATIONS",,,"Monitored
Capacity
(MW)",Target,,,"CATEGORY /
REGIONS /
STATE /
STATIONS",,,"Monitored
Capacity
(MW)",Target,,,"CATEGORY /
REGIONS /
STATE /
STATIONS",,,"Monitored
Capacity
(MW)",Target,,,"CATEGORY /
REGIONS /
STATE /
STATIONS",,,"Monitored
Capacity
(MW)",Target,,,"CATEGORY /
REGIONS /
STATE /
STATIONS",,,"Monitored
Capacity
(MW)",Target,,,"CATEGORY /
REGIONS /
STATE /
STATIONS",,,"Monitored
Capacity
(MW)",Target,,,,"Total Monitored
Capacity
(MW)",Total Target,,
,,,,,Jan-20,,,,,,,FEB-2020,,,,,,,MAR-2020,,,,,,,APR-2020,,,,,,,MAY-2020,,,,,,,JUN-2020,,,,,,,JUL-2020,,,,,,,AUG-2020,,,,,,,SEP-2020,,,,,,,OCT-2020,,,,,,,NOV-2020,,,,,,,DEC-2020,,,,,,
,,,,APR 2019 to MAR 2020,,,,,,,APR 2019 to MAR 2020,,,,,,,APR 2019 to MAR 2020,,,,,,,APR 2020 to MAR 2021,,,,,,,APR 2020 to MAR 2021,,,,,,,APR 2020 to MAR 2021,,,,,,,APR 2020 to MAR 2021,,,,,,,APR 2020 to MAR 2021,,,,,,,APR 2020 to MAR 2021,,,,,,,APR 2020 to MAR 2021,,,,,,,APR 2020 to MAR 2021,,,,,,,APR 2020 to MAR 2021,,,,,APR 2020 to MAR 2021,,
,,,,,PROGRAM,ACTUAL,,,,,,PROGRAM,ACTUAL,,,,,,PROGRAM,ACTUAL,,,,,,PROGRAM,ACTUAL,,,,,,PROGRAM,ACTUAL,,,,,,PROGRAM,ACTUAL,,,,,,PROGRAM,ACTUAL,,,,,,PROGRAM,ACTUAL,,,,,,PROGRAM,ACTUAL,,,,,,PROGRAM,ACTUAL,,,,,,PROGRAM,ACTUAL,,,,,,PROGRAM,ACTUAL,,,,Total PROGRAM,Total ACTUAL
,,,,,,,,,,,,,,,,,,,,,,,,,,,,,,,,,,,,,,,,,,,,,,,,,,,,,,,,,,,,,,,,,,,,,,,,,,,,,,,,,,,,,,,,
,,,1,2,3,4,,,,1,2,3,4,,,,1,2,3,4,,,,1,2,3,4,,,,1,2,3,4,,,,1,2,3,4,,,,1,2,3,4,,,,1,2,3,4,,,,1,2,3,4,,,,1,2,3,4,,,,1,2,3,4,,,,1,2,3,4,,,,,
TAMIL NADU,,,,,,,TAMIL NADU,,,,,,,TAMIL NADU,,,,,,,TAMIL NADU,,,,,,,TAMIL NADU,,,,,,,TAMIL NADU,,,,,,,TAMIL NADU,,,,,,,TAMIL NADU,,,,,,,TAMIL NADU,,,,,,,TAMIL NADU,,,,,,,TAMIL NADU,,,,,,,TAMIL NADU,,,,,,,,,,,
STATE SECTOR,,,,,,,STATE SECTOR,,,,,,,STATE SECTOR,,,,,,,STATE SECTOR,,,,,,,STATE SECTOR,,,,,,,STATE SECTOR,,,,,,,STATE SECTOR,,,,,,,STATE SECTOR,,,,,,,STATE SECTOR,,,,,,,STATE SECTOR,,,,,,,STATE SECTOR,,,,,,,STATE SECTOR,,,,,,,,,,,
METTUR TPS,,,840.00,5500.00,460.00,272.40,METTUR TPS,,,840.00,5500.00,453.00,392.60,METTUR TPS,,,840.00,5500.00,494.00,362.87,METTUR TPS,,,840.00,5500.00,518.00,145.69,METTUR TPS,,,840.00,5500.00,534.00,458.79,METTUR TPS,,,840.00,5500.00,505.00,361.39,METTUR TPS,,,840.00,5500.00,435.00,341.55,METTUR TPS,,,840.00,5500.00,467.00,214.40,METTUR TPS,,,840.00,5500.00,399.00,146.39,METTUR TPS,,,840.00,5500.00,432.00,204.95,METTUR TPS,,,840.00,5500.00,374.00,193.43,METTUR TPS,,,840.00,5500.00,449.00,310.38,,10080.00,66000.00,5520.00,3404.84
METTUR TPS - II,,,600.00,3500.00,321.00,272.64,METTUR TPS - II,,,600.00,3500.00,295.00,255.68,METTUR TPS - II,,,600.00,3500.00,301.00,223.92,METTUR TPS - II,,,600.00,3500.00,342.00,0.00,METTUR TPS - II,,,600.00,3500.00,355.00,233.63,METTUR TPS - II,,,600.00,3500.00,340.00,171.00,METTUR TPS - II,,,600.00,3500.00,324.00,380.08,METTUR TPS - II,,,600.00,3500.00,151.00,4.85,METTUR TPS - II,,,600.00,3500.00,159.00,14.05,METTUR TPS - II,,,600.00,3500.00,287.00,0.00,METTUR TPS - II,,,600.00,3500.00,284.00,0.00,METTUR TPS - II,,,600.00,3500.00,308.00,213.09,,7200.00,42000.00,3467.00,1768.94
NORTH CHENNAI TPS,,,1830.00,11200.00,1008.00,587.18,NORTH CHENNAI TPS,,,1830.00,11200.00,926.00,931.38,NORTH CHENNAI TPS,,,1830.00,11200.00,999.00,684.76,NORTH CHENNAI TPS,,,1830.00,11700.00,1080.00,190.50,NORTH CHENNAI TPS,,,1830.00,11700.00,1118.00,556.18,NORTH CHENNAI TPS,,,1830.00,11700.00,1073.00,774.81,NORTH CHENNAI TPS,,,1830.00,11700.00,802.00,618.14,NORTH CHENNAI TPS,,,1830.00,11700.00,801.00,682.89,NORTH CHENNAI TPS,,,1830.00,11700.00,656.00,419.36,NORTH CHENNAI TPS,,,1830.00,11700.00,1113.00,501.42,NORTH CHENNAI TPS,,,1830.00,11700.00,895.00,470.73,NORTH CHENNAI TPS,,,1830.00,11700.00,913.00,358.52,,21960.00,138900.00,11384.00,6775.87
TUTICORIN TPS,,,1050.00,5400.00,491.00,396.03,TUTICORIN TPS,,,1050.00,5400.00,451.00,451.29,TUTICORIN TPS,,,1050.00,5400.00,483.00,471.54,TUTICORIN TPS,,,1050.00,5400.00,527.00,199.19,TUTICORIN TPS,,,1050.00,5400.00,548.00,465.61,TUTICORIN TPS,,,1050.00,5400.00,478.00,449.05,TUTICORIN TPS,,,1050.00,5400.00,353.00,344.68,TUTICORIN TPS,,,1050.00,5400.00,366.00,513.02,TUTICORIN TPS,,,1050.00,5400.00,362.00,366.91,TUTICORIN TPS,,,1050.00,5400.00,441.00,248.11,TUTICORIN TPS,,,1050.00,5400.00,440.00,314.02,TUTICORIN TPS,,,1050.00,5400.00,431.00,275.49,,12600.00,64800.00,5371.00,4494.94
TANGEDCO,COAL,,4320.00,25600.00,2280.00,1528.25,TANGEDCO,COAL,,4320.00,25600.00,2125.00,2030.95,TANGEDCO,COAL,,4320.00,25600.00,2277.00,1743.09,TANGEDCO,COAL,,4320.00,26100.00,2467.00,535.38,TANGEDCO,COAL,,4320.00,26100.00,2555.00,1714.21,TANGEDCO,COAL,,4320.00,26100.00,2396.00,1756.25,TANGEDCO,COAL,,4320.00,26100.00,1914.00,1684.45,TANGEDCO,COAL,,4320.00,26100.00,1785.00,1415.16,TANGEDCO,COAL,,4320.00,26100.00,1576.00,946.71,TANGEDCO,COAL,,4320.00,26100.00,2273.00,954.48,TANGEDCO,COAL,,4320.00,26100.00,1993.00,978.18,TANGEDCO,COAL,,4320.00,26100.00,2101.00,1157.48,,51840.00,311700.00,25742.00,16444.59
STATE SECTOR,THERMAL,,4320.00,25600.00,2280.00,1528.25,STATE SECTOR,THERMAL,,4320.00,25600.00,2125.00,2030.95,STATE SECTOR,THERMAL,,4320.00,25600.00,2277.00,1743.09,STATE SECTOR,THERMAL,,4320.00,26100.00,2467.00,535.38,STATE SECTOR,THERMAL,,4320.00,26100.00,2555.00,1714.21,STATE SECTOR,THERMAL,,4320.00,26100.00,2396.00,1756.25,STATE SECTOR,THERMAL,,4320.00,26100.00,1914.00,1684.45,STATE SECTOR,THERMAL,,4320.00,26100.00,1785.00,1415.16,STATE SECTOR,THERMAL,,4320.00,26100.00,1576.00,946.71,STATE SECTOR,THERMAL,,4320.00,26100.00,2273.00,954.48,STATE SECTOR,THERMAL,,4320.00,26100.00,1993.00,978.18,STATE SECTOR,THERMAL,,4320.00,26100.00,2101.00,1157.48,,51840.00,311700.00,25742.00,16444.59
BASIN BRIDGE GT (Liq.),,,120.00,0.00,0.00,0.00,BASIN BRIDGE GT (Liq.),,,120.00,0.00,0.00,0.00,BASIN BRIDGE GT (Liq.),,,120.00,0.00,0.00,0.00,BASIN BRIDGE GT (Liq.),,,120.00,0.00,0.00,0.00,BASIN BRIDGE GT (Liq.),,,120.00,0.00,0.00,0.00,BASIN BRIDGE GT (Liq.),,,120.00,0.00,0.00,0.00,BASIN BRIDGE GT (Liq.),,,120.00,0.00,0.00,0.00,BASIN BRIDGE GT (Liq.),,,120.00,0.00,0.00,0.00,BASIN BRIDGE GT (Liq.),,,120.00,0.00,0.00,0.00,BASIN BRIDGE GT (Liq.),,,120.00,0.00,0.00,0.00,BASIN BRIDGE GT (Liq.),,,120.00,0.00,0.00,0.00,BASIN BRIDGE GT (Liq.),,,120.00,0.00,0.00,0.00,,1440.00,0.00,0.00,0.00
KOVIKALPAL CCPP,,,107.88,324.00,24.00,30.63,KOVIKALPAL CCPP,,,107.88,324.00,24.00,86.35,KOVIKALPAL CCPP,,,107.88,324.00,28.00,25.04,KOVIKALPAL CCPP,,,107.88,324.00,31.00,19.90,KOVIKALPAL CCPP,,,107.88,324.00,32.00,76.03,KOVIKALPAL CCPP,,,107.88,324.00,31.00,16.22,KOVIKALPAL CCPP,,,107.88,324.00,0.00,22.57,KOVIKALPAL CCPP,,,107.88,324.00,16.00,22.69,KOVIKALPAL CCPP,,,107.88,324.00,31.00,23.26,KOVIKALPAL CCPP,,,107.88,324.00,25.00,17.07,KOVIKALPAL CCPP,,,107.88,324.00,31.00,17.14,KOVIKALPAL CCPP,,,107.88,324.00,32.00,13.75,,1294.56,3888.00,305.00,370.65
KUTTALAM CCPP,,,100.00,370.00,33.00,33.67,KUTTALAM CCPP,,,100.00,370.00,31.00,29.44,KUTTALAM CCPP,,,100.00,370.00,33.00,17.97,KUTTALAM CCPP,,,100.00,370.00,32.00,49.84,KUTTALAM CCPP,,,100.00,370.00,32.00,36.86,KUTTALAM CCPP,,,100.00,370.00,32.00,31.78,KUTTALAM CCPP,,,100.00,370.00,32.00,32.97,KUTTALAM CCPP,,,100.00,370.00,32.00,62.41,KUTTALAM CCPP,,,100.00,370.00,32.00,62.13,KUTTALAM CCPP,,,100.00,370.00,32.00,62.38,KUTTALAM CCPP,,,100.00,370.00,24.00,53.55,KUTTALAM CCPP,,,100.00,370.00,26.00,49.01,,1200.00,4440.00,371.00,522.01
VALUTHUR CCPP,,,186.20,900.00,79.00,117.73,VALUTHUR CCPP,,,186.20,900.00,76.00,90.51,VALUTHUR CCPP,,,186.20,900.00,80.00,116.08,VALUTHUR CCPP,,,186.20,900.00,75.00,117.04,VALUTHUR CCPP,,,186.20,900.00,77.00,111.62,VALUTHUR CCPP,,,186.20,900.00,75.00,115.07,VALUTHUR CCPP,,,186.20,900.00,62.00,98.13,VALUTHUR CCPP,,,186.20,900.00,77.00,93.58,VALUTHUR CCPP,,,186.20,900.00,75.00,110.50,VALUTHUR CCPP,,,186.20,900.00,77.00,115.20,VALUTHUR CCPP,,,186.20,900.00,75.00,93.29,VALUTHUR CCPP,,,186.20,900.00,77.00,42.63,,2234.40,10800.00,905.00,1221.38
TANGEDCO,NATURAL GAS,,514.08,1594.00,136.00,182.03,TANGEDCO,NATURAL GAS,,514.08,1594.00,131.00,206.30,TANGEDCO,NATURAL GAS,,514.08,1594.00,141.00,159.09,TANGEDCO,NATURAL GAS,,514.08,1594.00,138.00,186.78,TANGEDCO,NATURAL GAS,,514.08,1594.00,141.00,224.51,TANGEDCO,NATURAL GAS,,514.08,1594.00,138.00,163.07,TANGEDCO,NATURAL GAS,,514.08,1594.00,94.00,153.67,TANGEDCO,NATURAL GAS,,514.08,1594.00,125.00,178.68,TANGEDCO,NATURAL GAS,,514.08,1594.00,138.00,195.89,TANGEDCO,NATURAL GAS,,514.08,1594.00,134.00,194.65,TANGEDCO,NATURAL GAS,,514.08,1594.00,130.00,163.98,TANGEDCO,NATURAL GAS,,514.08,1594.00,135.00,105.39,,6168.96,19128.00,1581.00,2114.04
STATE SECTOR,NATURAL GAS,,514.08,1594.00,136.00,182.03,STATE SECTOR,NATURAL GAS,,514.08,1594.00,131.00,206.30,STATE SECTOR,NATURAL GAS,,514.08,1594.00,141.00,159.09,STATE SECTOR,NATURAL GAS,,514.08,1594.00,138.00,186.78,STATE SECTOR,NATURAL GAS,,514.08,1594.00,141.00,224.51,STATE SECTOR,NATURAL GAS,,514.08,1594.00,138.00,163.07,STATE SECTOR,NATURAL GAS,,514.08,1594.00,94.00,153.67,STATE SECTOR,NATURAL GAS,,514.08,1594.00,125.00,178.68,STATE SECTOR,NATURAL GAS,,514.08,1594.00,138.00,195.89,STATE SECTOR,NATURAL GAS,,514.08,1594.00,134.00,194.65,STATE SECTOR,NATURAL GAS,,514.08,1594.00,130.00,163.98,STATE SECTOR,NATURAL GAS,,514.08,1594.00,135.00,105.39,,6168.96,19128.00,1581.00,2114.04
ALIYAR  HPS.,,,60.00,120.00,11.00,5.48,ALIYAR  HPS.,,,60.00,120.00,7.00,2.70,ALIYAR  HPS.,,,60.00,120.00,10.00,10.14,ALIYAR  HPS.,,,60.00,120.00,9.00,4.62,ALIYAR  HPS.,,,60.00,120.00,3.00,6.50,ALIYAR  HPS.,,,60.00,120.00,0.00,7.69,ALIYAR  HPS.,,,60.00,120.00,15.00,8.22,ALIYAR  HPS.,,,60.00,120.00,15.00,20.70,ALIYAR  HPS.,,,60.00,120.00,10.00,22.63,ALIYAR  HPS.,,,60.00,120.00,10.00,16.51,ALIYAR  HPS.,,,60.00,120.00,15.00,13.11,ALIYAR  HPS,,,60.00,120.00,15.00,18.99,,720.00,1440.00,120.00,137.29
BHAWANI BARRAGE-II HPS,,,30.00,52.00,6.00,9.87,BHAWANI BARRAGE-II HPS,,,30.00,52.00,1.00,0.00,BHAWANI BARRAGE-II HPS,,,30.00,52.00,0.00,0.00,BHAWANI BARRAGE-II HPS,,,30.00,52.00,1.00,0.00,BHAWANI BARRAGE-II HPS,,,30.00,52.00,0.00,0.00,BHAWANI BARRAGE-II HPS,,,30.00,52.00,0.00,8.43,BHAWANI BARRAGE-II HPS,,,30.00,52.00,0.00,15.92,BHAWANI BARRAGE-II HPS,,,30.00,52.00,6.00,13.55,BHAWANI BARRAGE-II HPS,,,30.00,52.00,16.00,14.68,BHAWANI BARRAGE-II HPS,,,30.00,52.00,13.00,14.52,BHAWANI BARRAGE-II HPS,,,30.00,52.00,3.00,9.09,BHAWANI BARRAGE-II HPS,,,30.00,52.00,8.00,3.29,,360.00,624.00,54.00,89.35
BHAWANI BARRAGE-III HPS,,,30.00,25.00,4.00,0.00,BHAWANI BARRAGE-III HPS,,,30.00,25.00,1.00,0.00,BHAWANI BARRAGE-III HPS,,,30.00,25.00,0.00,0.00,BHAWANI BARRAGE-III HPS,,,30.00,40.00,0.00,0.00,BHAWANI BARRAGE-III HPS,,,30.00,40.00,0.00,0.00,BHAWANI BARRAGE-III HPS,,,30.00,40.00,0.00,6.25,BHAWANI BARRAGE-III HPS,,,30.00,40.00,0.00,11.25,BHAWANI BARRAGE-III HPS,,,30.00,40.00,6.00,9.86,BHAWANI BARRAGE-III HPS,,,30.00,40.00,2.00,11.51,BHAWANI BARRAGE-III HPS,,,30.00,40.00,12.00,12.44,BHAWANI BARRAGE-III HPS,,,30.00,40.00,4.00,7.26,BHAWANI BARRAGE-III HPS,,,30.00,40.00,10.00,0.92,,360.00,435.00,39.00,59.49
BHAWANI KATTAL,,,30.00,57.00,6.00,8.44,BHAWANI KATTAL,,,30.00,57.00,1.00,1.13,BHAWANI KATTAL,,,30.00,57.00,0.00,0.95,BHAWANI KATTAL,,,30.00,57.00,2.00,3.22,BHAWANI KATTAL,,,30.00,57.00,1.00,0.71,BHAWANI KATTAL,,,30.00,57.00,1.00,7.64,BHAWANI KATTAL,,,30.00,57.00,1.00,16.66,BHAWANI KATTAL,,,30.00,57.00,7.00,12.73,BHAWANI KATTAL,,,30.00,57.00,14.00,14.14,BHAWANI KATTAL,,,30.00,57.00,11.00,13.82,BHAWANI KATTAL,,,30.00,57.00,3.00,15.30,BHAWANI KATTAL,,,30.00,57.00,10.00,14.17,,360.00,684.00,57.00,108.91
KADAMPARI  HPS.,,,400.00,450.00,39.00,39.53,KADAMPARI  HPS.,,,400.00,450.00,30.00,38.21,KADAMPARI  HPS.,,,400.00,450.00,30.00,44.37,KADAMPARI  HPS.,,,400.00,378.00,16.00,33.83,KADAMPARI  HPS.,,,400.00,378.00,16.00,46.51,KADAMPARI  HPS.,,,400.00,378.00,16.00,30.75,KADAMPARI  HPS.,,,400.00,378.00,44.00,39.51,KADAMPARI  HPS.,,,400.00,378.00,44.00,54.07,KADAMPARI  HPS.,,,400.00,378.00,44.00,31.14,KADAMPARI  HPS.,,,400.00,378.00,44.00,21.65,KADAMPARI  HPS.,,,400.00,378.00,44.00,24.01,KADAMPARI  HPS.,,,400.00,378.00,32.00,27.40,,4800.00,4752.00,399.00,430.98
KODAYAR-I HPS.,,,60.00,140.00,20.00,13.19,KODAYAR-I HPS.,,,60.00,140.00,8.00,11.95,KODAYAR-I HPS.,,,60.00,140.00,6.00,12.96,KODAYAR-I HPS.,,,60.00,140.00,0.00,11.04,KODAYAR-I HPS.,,,60.00,140.00,6.00,8.92,KODAYAR-I HPS.,,,60.00,140.00,6.00,0.00,KODAYAR-I HPS.,,,60.00,140.00,6.00,9.55,KODAYAR-I HPS.,,,60.00,140.00,14.00,11.13,KODAYAR-I HPS.,,,60.00,140.00,14.00,12.51,KODAYAR-I HPS.,,,60.00,140.00,20.00,19.47,KODAYAR-I HPS.,,,60.00,140.00,20.00,26.10,KODAYAR-I HPS.,,,60.00,140.00,20.00,27.66,,720.00,1680.00,140.00,164.48
KODAYAR-II HPS.,,,40.00,60.00,7.00,3.96,KODAYAR-II HPS.,,,40.00,60.00,4.00,3.32,KODAYAR-II HPS.,,,40.00,60.00,4.00,3.33,KODAYAR-II HPS.,,,40.00,60.00,0.00,2.75,KODAYAR-II HPS.,,,40.00,60.00,2.00,2.76,KODAYAR-II HPS.,,,40.00,60.00,2.00,2.86,KODAYAR-II HPS.,,,40.00,60.00,2.00,4.82,KODAYAR-II HPS.,,,40.00,60.00,5.00,9.50,KODAYAR-II HPS.,,,40.00,60.00,7.00,9.27,KODAYAR-II HPS.,,,40.00,60.00,7.00,10.37,KODAYAR-II HPS.,,,40.00,60.00,9.00,10.98,KODAYAR-II HPS.,,,40.00,60.00,11.00,11.27,,480.00,720.00,60.00,75.19
KUNDAH-I HPS.,,,60.00,216.00,16.00,27.28,KUNDAH-I HPS.,,,60.00,216.00,22.00,24.31,KUNDAH-I HPS.,,,60.00,216.00,30.00,27.36,KUNDAH-I HPS.,,,60.00,216.00,18.00,25.75,KUNDAH-I HPS.,,,60.00,216.00,18.00,29.22,KUNDAH-I HPS.,,,60.00,216.00,21.00,24.50,KUNDAH-I HPS.,,,60.00,216.00,22.00,24.83,KUNDAH-I HPS.,,,60.00,216.00,17.00,22.98,KUNDAH-I HPS.,,,60.00,216.00,19.00,18.97,KUNDAH-I HPS.,,,60.00,216.00,18.00,24.64,KUNDAH-I HPS.,,,60.00,216.00,18.00,26.14,KUNDAH-I HPS.,,,60.00,216.00,18.00,27.38,,720.00,2592.00,237.00,303.36
KUNDAH-II HPS.,,,175.00,442.00,37.00,63.71,KUNDAH-II HPS.,,,175.00,442.00,42.00,56.74,KUNDAH-II HPS.,,,175.00,442.00,50.00,62.70,KUNDAH-II HPS.,,,175.00,500.00,42.00,59.71,KUNDAH-II HPS.,,,175.00,500.00,41.00,68.13,KUNDAH-II HPS.,,,175.00,500.00,45.00,57.69,KUNDAH-II HPS.,,,175.00,500.00,41.00,61.87,KUNDAH-II HPS.,,,175.00,500.00,49.00,73.90,KUNDAH-II HPS.,,,175.00,500.00,49.00,58.99,KUNDAH-II HPS.,,,175.00,500.00,45.00,62.96,KUNDAH-II HPS.,,,175.00,500.00,42.00,69.06,KUNDAH-II HPS.,,,175.00,500.00,42.00,68.60,,2100.00,5826.00,525.00,764.06
KUNDAH-III HPS.,,,180.00,335.00,26.00,36.62,KUNDAH-III HPS.,,,180.00,335.00,28.00,32.82,KUNDAH-III HPS.,,,180.00,335.00,37.00,35.60,KUNDAH-III HPS.,,,180.00,335.00,29.00,34.32,KUNDAH-III HPS.,,,180.00,335.00,28.00,39.34,KUNDAH-III HPS.,,,180.00,335.00,31.00,33.18,KUNDAH-III HPS.,,,180.00,335.00,24.00,35.84,KUNDAH-III HPS.,,,180.00,335.00,34.00,42.62,KUNDAH-III HPS.,,,180.00,335.00,29.00,35.76,KUNDAH-III HPS.,,,180.00,335.00,29.00,36.98,KUNDAH-III HPS.,,,180.00,335.00,33.00,44.02,KUNDAH-III HPS.,,,180.00,335.00,27.00,42.37,,2160.00,4020.00,355.00,449.47
KUNDAH-IV HPS.,,,100.00,107.00,5.00,6.91,KUNDAH-IV HPS.,,,100.00,107.00,4.00,4.53,KUNDAH-IV HPS.,,,100.00,107.00,4.00,7.10,KUNDAH-IV HPS.,,,100.00,140.00,10.00,3.61,KUNDAH-IV HPS.,,,100.00,140.00,12.00,4.23,KUNDAH-IV HPS.,,,100.00,140.00,13.00,6.31,KUNDAH-IV HPS.,,,100.00,140.00,9.00,12.18,KUNDAH-IV HPS.,,,100.00,140.00,13.00,32.05,KUNDAH-IV HPS.,,,100.00,140.00,14.00,25.16,KUNDAH-IV HPS.,,,100.00,140.00,15.00,13.74,KUNDAH-IV HPS.,,,100.00,140.00,12.00,12.31,KUNDAH-IV HPS.,,,100.00,140.00,11.00,8.05,,1200.00,1581.00,122.00,136.18
KUNDAH-V HPS.,,,40.00,50.00,2.00,14.97,KUNDAH-V HPS.,,,40.00,50.00,3.00,20.21,KUNDAH-V HPS.,,,40.00,50.00,4.00,2.44,KUNDAH-V HPS.,,,40.00,40.00,3.00,0.00,KUNDAH-V HPS.,,,40.00,40.00,3.00,0.00,KUNDAH-V HPS.,,,40.00,40.00,3.00,0.00,KUNDAH-V HPS.,,,40.00,40.00,5.00,0.00,KUNDAH-V HPS.,,,40.00,40.00,4.00,5.95,KUNDAH-V HPS.,,,40.00,40.00,4.00,7.83,KUNDAH-V HPS.,,,40.00,40.00,4.00,12.05,KUNDAH-V HPS.,,,40.00,40.00,4.00,9.92,KUNDAH-V HPS.,,,40.00,40.00,2.00,16.71,,480.00,510.00,41.00,90.08
LOWER METTUR-I HPS.,,,30.00,50.00,6.00,8.86,LOWER METTUR-I HPS.,,,30.00,50.00,1.00,1.33,LOWER METTUR-I HPS.,,,30.00,50.00,1.00,1.56,LOWER METTUR-I HPS.,,,30.00,50.00,2.00,1.75,LOWER METTUR-I HPS.,,,30.00,50.00,1.00,0.34,LOWER METTUR-I HPS.,,,30.00,50.00,0.00,7.18,LOWER METTUR-I HPS.,,,30.00,50.00,1.00,12.65,LOWER METTUR-I HPS.,,,30.00,50.00,6.00,11.33,LOWER METTUR-I HPS.,,,30.00,50.00,12.00,12.94,LOWER METTUR-I HPS.,,,30.00,50.00,10.00,13.49,LOWER METTUR-I HPS.,,,30.00,50.00,2.00,8.01,LOWER METTUR-I HPS.,,,30.00,50.00,9.00,2.03,,360.00,600.00,51.00,81.47
LOWER METTUR-II HPS.,,,30.00,45.00,6.00,8.94,LOWER METTUR-II HPS.,,,30.00,45.00,1.00,1.21,LOWER METTUR-II HPS.,,,30.00,45.00,1.00,1.60,LOWER METTUR-II HPS.,,,30.00,45.00,2.00,1.75,LOWER METTUR-II HPS.,,,30.00,45.00,1.00,0.10,LOWER METTUR-II HPS.,,,30.00,45.00,1.00,7.07,LOWER METTUR-II HPS.,,,30.00,45.00,1.00,12.86,LOWER METTUR-II HPS.,,,30.00,45.00,9.00,11.84,LOWER METTUR-II HPS.,,,30.00,45.00,8.00,12.96,LOWER METTUR-II HPS.,,,30.00,45.00,8.00,13.83,LOWER METTUR-II HPS.,,,30.00,45.00,2.00,7.70,LOWER METTUR-II HPS.,,,30.00,45.00,7.00,1.96,,360.00,540.00,47.00,81.82
LOWER METTUR-III HPS.,,,30.00,56.00,6.00,8.82,LOWER METTUR-III HPS.,,,30.00,56.00,2.00,1.11,LOWER METTUR-III HPS.,,,30.00,56.00,1.00,1.37,LOWER METTUR-III HPS.,,,30.00,56.00,3.00,0.95,LOWER METTUR-III HPS.,,,30.00,56.00,1.00,0.32,LOWER METTUR-III HPS.,,,30.00,56.00,1.00,7.38,LOWER METTUR-III HPS.,,,30.00,56.00,1.00,13.76,LOWER METTUR-III HPS.,,,30.00,56.00,6.00,12.01,LOWER METTUR-III HPS.,,,30.00,56.00,13.00,13.05,LOWER METTUR-III HPS.,,,30.00,56.00,11.00,13.75,LOWER METTUR-III HPS.,,,30.00,56.00,2.00,7.50,LOWER METTUR-III HPS.,,,30.00,56.00,10.00,1.96,,360.00,672.00,57.00,81.98
LOWER METTUR-IV HPS.,,,30.00,44.00,5.00,7.42,LOWER METTUR-IV HPS.,,,30.00,44.00,1.00,0.88,LOWER METTUR-IV HPS.,,,30.00,44.00,0.00,1.03,LOWER METTUR-IV HPS.,,,30.00,44.00,1.00,0.66,LOWER METTUR-IV HPS.,,,30.00,44.00,1.00,0.25,LOWER METTUR-IV HPS.,,,30.00,44.00,1.00,6.51,LOWER METTUR-IV HPS.,,,30.00,44.00,1.00,11.83,LOWER METTUR-IV HPS.,,,30.00,44.00,5.00,10.14,LOWER METTUR-IV HPS.,,,30.00,44.00,10.00,10.91,LOWER METTUR-IV HPS.,,,30.00,44.00,8.00,11.34,LOWER METTUR-IV HPS.,,,30.00,44.00,2.00,6.22,LOWER METTUR-IV HPS.,,,30.00,44.00,8.00,1.78,,360.00,528.00,43.00,68.97
METTUR DAM  HPS.,,,50.00,78.00,4.00,13.22,METTUR DAM  HPS.,,,50.00,78.00,1.00,7.06,METTUR DAM  HPS.,,,50.00,78.00,2.00,8.61,METTUR DAM  HPS.,,,50.00,110.00,5.00,8.83,METTUR DAM  HPS.,,,50.00,110.00,5.00,3.64,METTUR DAM  HPS.,,,50.00,110.00,3.00,11.88,METTUR DAM  HPS.,,,50.00,110.00,4.00,13.58,METTUR DAM  HPS.,,,50.00,110.00,12.00,14.59,METTUR DAM  HPS.,,,50.00,110.00,28.00,18.71,METTUR DAM  HPS.,,,50.00,110.00,17.00,13.06,METTUR DAM  HPS.,,,50.00,110.00,7.00,12.78,METTUR DAM  HPS.,,,50.00,110.00,12.00,7.82,,600.00,1224.00,100.00,133.78
METTUR TUNNEL  HPS.,,,200.00,262.00,16.00,40.20,METTUR TUNNEL  HPS.,,,200.00,262.00,2.00,0.00,METTUR TUNNEL  HPS.,,,200.00,262.00,0.00,0.00,METTUR TUNNEL  HPS.,,,200.00,290.00,5.00,0.00,METTUR TUNNEL  HPS.,,,200.00,290.00,0.00,0.00,METTUR TUNNEL  HPS.,,,200.00,290.00,0.00,34.50,METTUR TUNNEL  HPS.,,,200.00,290.00,0.00,58.53,METTUR TUNNEL  HPS.,,,200.00,290.00,38.00,66.79,METTUR TUNNEL  HPS.,,,200.00,290.00,106.00,69.00,METTUR TUNNEL  HPS.,,,200.00,290.00,63.00,73.36,METTUR TUNNEL  HPS.,,,200.00,290.00,5.00,33.07,METTUR TUNNEL  HPS.,,,200.00,290.00,49.00,1.91,,2400.00,3396.00,284.00,377.36
MOYAR  HPS,,,36.00,117.00,6.00,13.05,MOYAR  HPS,,,36.00,117.00,9.00,8.48,MOYAR  HPS,,,36.00,117.00,15.00,11.78,MOYAR  HPS,,,36.00,110.00,7.00,8.14,MOYAR  HPS,,,36.00,110.00,10.00,9.09,MOYAR  HPS,,,36.00,110.00,11.00,8.81,MOYAR  HPS,,,36.00,110.00,11.00,6.73,MOYAR  HPS,,,36.00,110.00,11.00,13.92,MOYAR  HPS,,,36.00,110.00,11.00,7.76,MOYAR  HPS,,,36.00,110.00,11.00,8.60,MOYAR  HPS,,,36.00,110.00,10.00,9.77,MOYAR  HPS,,,36.00,110.00,10.00,11.52,,432.00,1341.00,122.00,117.65
PAPANASAM  HPS.,,,32.00,105.00,8.00,16.23,PAPANASAM  HPS.,,,32.00,105.00,8.00,13.93,PAPANASAM  HPS.,,,32.00,105.00,0.00,8.33,PAPANASAM  HPS.,,,32.00,100.00,2.00,4.32,PAPANASAM  HPS.,,,32.00,100.00,4.00,5.01,PAPANASAM  HPS.,,,32.00,100.00,8.00,4.00,PAPANASAM  HPS.,,,32.00,100.00,11.00,5.78,PAPANASAM  HPS.,,,32.00,100.00,11.00,14.36,PAPANASAM  HPS.,,,32.00,100.00,11.00,17.18,PAPANASAM  HPS.,,,32.00,100.00,11.00,10.62,PAPANASAM  HPS.,,,32.00,100.00,14.00,16.94,PAPANASAM  HPS.,,,32.00,100.00,12.00,13.99,,384.00,1215.00,100.00,130.69
PARSON`S VALLEY  HPS.,,,30.00,34.00,2.00,1.02,PARSON`S VALLEY  HPS.,,,30.00,34.00,2.00,0.07,PARSON`S VALLEY  HPS.,,,30.00,34.00,5.00,0.44,PARSON`S VALLEY  HPS.,,,30.00,30.00,1.00,2.72,PARSON`S VALLEY  HPS.,,,30.00,30.00,2.00,8.34,PARSON`S VALLEY  HPS.,,,30.00,30.00,1.00,5.77,PARSON`S VALLEY  HPS.,,,30.00,30.00,2.00,0.00,PARSON`S VALLEY  HPS.,,,30.00,30.00,4.00,7.50,PARSON`S VALLEY  HPS.,,,30.00,30.00,4.00,5.96,PARSON`S VALLEY  HPS.,,,30.00,30.00,4.00,3.74,PARSON`S VALLEY  HPS.,,,30.00,30.00,4.00,2.94,PARSON`S VALLEY  HPS.,,,30.00,30.00,3.00,2.60,,360.00,372.00,34.00,41.10
PERIYAR  HPS.,,,161.00,400.00,34.00,44.27,PERIYAR  HPS.,,,161.00,400.00,24.00,8.29,PERIYAR  HPS.,,,161.00,400.00,4.00,0.00,PERIYAR  HPS.,,,161.00,410.00,0.00,0.00,PERIYAR  HPS.,,,161.00,410.00,0.00,0.00,PERIYAR  HPS.,,,161.00,410.00,21.00,0.00,PERIYAR  HPS.,,,161.00,410.00,55.00,0.00,PERIYAR  HPS.,,,161.00,410.00,55.00,96.79,PERIYAR  HPS.,,,161.00,410.00,55.00,91.76,PERIYAR  HPS.,,,161.00,410.00,55.00,99.98,PERIYAR  HPS.,,,161.00,410.00,55.00,88.90,PERIYAR  HPS.,,,161.00,410.00,45.00,78.52,,1932.00,4890.00,403.00,508.51
PYKARA  HPS.,,,59.20,40.00,3.00,0.29,PYKARA  HPS.,,,59.20,40.00,2.00,0.00,PYKARA  HPS.,,,59.20,40.00,4.00,0.00,PYKARA  HPS.,,,59.20,35.00,2.00,0.00,PYKARA  HPS.,,,59.20,35.00,3.00,0.00,PYKARA  HPS.,,,59.20,35.00,3.00,0.00,PYKARA  HPS.,,,59.20,35.00,3.00,0.00,PYKARA  HPS.,,,59.20,35.00,3.00,0.03,PYKARA  HPS.,,,59.20,35.00,3.00,0.00,PYKARA  HPS.,,,59.20,35.00,4.00,0.00,PYKARA  HPS.,,,59.20,35.00,3.00,0.00,PYKARA  HPS.,,,59.20,35.00,2.00,0.01,,710.40,435.00,35.00,0.33
PYKARA ULTMATE  HPS.,,,150.00,305.00,20.00,37.02,PYKARA ULTMATE  HPS.,,,150.00,305.00,27.00,24.31,PYKARA ULTMATE  HPS.,,,150.00,305.00,33.00,34.09,PYKARA ULTMATE  HPS.,,,150.00,305.00,24.00,23.99,PYKARA ULTMATE  HPS.,,,150.00,305.00,27.00,29.07,PYKARA ULTMATE  HPS.,,,150.00,305.00,29.00,25.58,PYKARA ULTMATE  HPS.,,,150.00,305.00,25.00,20.47,PYKARA ULTMATE  HPS.,,,150.00,305.00,28.00,45.36,PYKARA ULTMATE  HPS.,,,150.00,305.00,30.00,20.71,PYKARA ULTMATE  HPS.,,,150.00,305.00,29.00,27.06,PYKARA ULTMATE  HPS.,,,150.00,305.00,23.00,28.70,PYKARA ULTMATE  HPS.,,,150.00,305.00,28.00,33.00,,1800.00,3660.00,323.00,349.36
SARKARPATHY  HPS.,,,30.00,110.00,15.00,13.67,SARKARPATHY  HPS.,,,30.00,110.00,13.00,15.72,SARKARPATHY  HPS.,,,30.00,110.00,12.00,16.78,SARKARPATHY  HPS.,,,30.00,117.00,0.00,15.80,SARKARPATHY  HPS.,,,30.00,117.00,0.00,14.36,SARKARPATHY  HPS.,,,30.00,117.00,0.00,0.46,SARKARPATHY  HPS.,,,30.00,117.00,10.00,0.00,SARKARPATHY  HPS.,,,30.00,117.00,15.00,9.38,SARKARPATHY  HPS.,,,30.00,117.00,15.00,15.48,SARKARPATHY  HPS.,,,30.00,117.00,15.00,15.73,SARKARPATHY  HPS.,,,30.00,117.00,14.00,13.22,SARKARPATHY  HPS.,,,30.00,117.00,14.00,13.36,,360.00,1383.00,123.00,143.96
SHOLAYAR HPS (TN),,,70.00,105.00,0.00,54.10,SHOLAYAR HPS (TN),,,70.00,105.00,0.00,8.87,SHOLAYAR HPS (TN),,,70.00,105.00,0.00,0.00,SHOLAYAR HPS (TN),,,70.00,175.00,0.00,0.00,SHOLAYAR HPS (TN),,,70.00,175.00,0.00,0.00,SHOLAYAR HPS (TN),,,70.00,175.00,9.00,0.00,SHOLAYAR HPS (TN),,,70.00,175.00,26.00,46.35,SHOLAYAR HPS (TN),,,70.00,175.00,26.00,57.96,SHOLAYAR HPS (TN),,,70.00,175.00,26.00,32.00,SHOLAYAR HPS (TN),,,70.00,175.00,27.00,32.54,SHOLAYAR HPS (TN),,,70.00,175.00,28.00,43.83,SHOLAYAR HPS (TN),,,70.00,175.00,11.00,49.62,,840.00,1890.00,153.00,325.27
SURULIYAR  HPS.,,,35.00,85.00,10.00,16.01,SURULIYAR  HPS.,,,35.00,85.00,5.00,3.97,SURULIYAR  HPS.,,,35.00,85.00,4.00,2.74,SURULIYAR  HPS.,,,35.00,85.00,1.00,0.70,SURULIYAR  HPS.,,,35.00,85.00,0.00,0.00,SURULIYAR  HPS.,,,35.00,85.00,4.00,1.09,SURULIYAR  HPS.,,,35.00,85.00,6.00,1.61,SURULIYAR  HPS.,,,35.00,85.00,6.00,13.26,SURULIYAR  HPS.,,,35.00,85.00,8.00,13.20,SURULIYAR  HPS.,,,35.00,85.00,13.00,8.29,SURULIYAR  HPS.,,,35.00,85.00,13.00,12.73,SURULIYAR  HPS.,,,35.00,85.00,15.00,19.38,,420.00,1020.00,85.00,92.98
TANGEDCO,HYDRO,,2178.20,3890.00,320.00,513.08,TANGEDCO,HYDRO,,2178.20,3890.00,249.00,291.15,TANGEDCO,HYDRO,,2178.20,3890.00,257.00,295.28,TANGEDCO,HYDRO,,2178.20,4040.00,185.00,248.46,TANGEDCO,HYDRO,,2178.20,4040.00,185.00,276.84,TANGEDCO,HYDRO,,2178.20,4040.00,230.00,305.53,TANGEDCO,HYDRO,,2178.20,4040.00,326.00,444.80,TANGEDCO,HYDRO,,2178.20,4040.00,449.00,694.30,TANGEDCO,HYDRO,,2178.20,4040.00,562.00,604.21,TANGEDCO,HYDRO,,2178.20,4040.00,514.00,604.54,TANGEDCO,HYDRO,,2178.20,4040.00,391.00,559.61,TANGEDCO,HYDRO,,2178.20,4040.00,441.00,506.27,,26138.40,48030.00,4109.00,5344.07
STATE SECTOR,HYDRO,,2178.20,3890.00,320.00,513.08,STATE SECTOR,HYDRO,,2178.20,3890.00,249.00,291.15,STATE SECTOR,HYDRO,,2178.20,3890.00,257.00,295.28,STATE SECTOR,HYDRO,,2178.20,4040.00,185.00,248.46,STATE SECTOR,HYDRO,,2178.20,4040.00,185.00,276.84,STATE SECTOR,HYDRO,,2178.20,4040.00,230.00,305.53,STATE SECTOR,HYDRO,,2178.20,4040.00,326.00,444.80,STATE SECTOR,HYDRO,,2178.20,4040.00,449.00,694.30,STATE SECTOR,HYDRO,,2178.20,4040.00,562.00,604.21,STATE SECTOR,HYDRO,,2178.20,4040.00,514.00,604.54,STATE SECTOR,HYDRO,,2178.20,4040.00,391.00,559.61,STATE SECTOR,HYDRO,,2178.20,4040.00,441.00,506.27,,26138.40,48030.00,4109.00,5344.07
PVT SECTOR,,,,,,,PVT SECTOR,,,,,,,PVT SECTOR,,,,,,,PVT SECTOR,,,,,,,PVT SECTOR,,,,,,,PVT SECTOR,,,,,,,PVT SECTOR,,,,,,,PVT SECTOR,,,,,,,PVT SECTOR,,,,,,,PVT SECTOR,,,,,,,PVT SECTOR,,,,,,,PVT SECTOR,,,,,,,,0.00,0.00,0.00,0.00
MUTHIARA TPP,,,1200.00,4000.00,338.00,364.28,MUTHIARA TPP,,,1200.00,4000.00,316.00,320.74,MUTHIARA TPP,,,1200.00,4000.00,338.00,488.81,MUTHIARA TPP,,,1200.00,4000.00,433.00,217.15,MUTHIARA TPP,,,1200.00,4000.00,449.00,265.42,MUTHIARA TPP,,,1200.00,4000.00,429.00,40.24,MUTHIARA TPP,,,1200.00,4000.00,409.00,212.77,MUTHIARA TPP,,,1200.00,4000.00,197.00,141.98,MUTHIARA TPP,,,1200.00,4000.00,377.00,55.84,MUTHIARA TPP,,,1200.00,4000.00,363.00,198.69,MUTHIARA TPP,,,1200.00,4000.00,359.00,297.46,MUTHIARA TPP,,,1200.00,4000.00,119.00,217.39,,14400.00,48000.00,4127.00,2820.77
CEPL,COAL,,1200.00,4000.00,338.00,364.28,CEPL,COAL,,1200.00,4000.00,316.00,320.74,CEPL,COAL,,1200.00,4000.00,338.00,488.81,CEPL,COAL,,1200.00,4000.00,433.00,217.15,CEPL,COAL,,1200.00,4000.00,449.00,265.42,CEPL,COAL,,1200.00,4000.00,429.00,40.24,CEPL,COAL,,1200.00,4000.00,409.00,212.77,CEPL,COAL,,1200.00,4000.00,197.00,141.98,CEPL,COAL,,1200.00,4000.00,377.00,55.84,CEPL,COAL,,1200.00,4000.00,363.00,198.69,CEPL,COAL,,1200.00,4000.00,359.00,297.46,CEPL,COAL,,1200.00,4000.00,119.00,217.39,,14400.00,48000.00,4127.00,2820.77
TUTICORIN (P) TPP,,,300.00,0.00,0.00,0.00,TUTICORIN (P) TPP,,,300.00,0.00,0.00,0.00,TUTICORIN (P) TPP,,,300.00,0.00,0.00,0.00,TUTICORIN (P) TPP,,,300.00,0.00,0.00,0.00,TUTICORIN (P) TPP,,,300.00,0.00,0.00,0.00,TUTICORIN (P) TPP,,,300.00,0.00,0.00,0.00,TUTICORIN (P) TPP,,,300.00,0.00,0.00,0.00,TUTICORIN (P) TPP,,,300.00,0.00,0.00,0.00,TUTICORIN (P) TPP,,,300.00,0.00,0.00,0.00,TUTICORIN (P) TPP,,,300.00,0.00,0.00,0.00,TUTICORIN (P) TPP,,,300.00,0.00,0.00,0.00,TUTICORIN (P) TPP,,,300.00,0.00,0.00,0.00,,3600.00,0.00,0.00,0.00
IBPIL,COAL,,300.00,0.00,0.00,0.00,IBPIL,COAL,,300.00,0.00,0.00,0.00,IBPIL,COAL,,300.00,0.00,0.00,0.00,IBPIL,COAL,,300.00,0.00,0.00,0.00,IBPIL,COAL,,300.00,0.00,0.00,0.00,IBPIL,COAL,,300.00,0.00,0.00,0.00,IBPIL,COAL,,300.00,0.00,0.00,0.00,IBPIL,COAL,,300.00,0.00,0.00,0.00,IBPIL,COAL,,300.00,0.00,0.00,0.00,IBPIL,COAL,,300.00,0.00,0.00,0.00,IBPIL,COAL,,300.00,0.00,0.00,0.00,IBPIL,COAL,,300.00,0.00,0.00,0.00,,3600.00,0.00,0.00,0.00
ITPCL TPP,,,1200.00,6000.00,555.00,686.94,ITPCL TPP,,,1200.00,6000.00,507.00,628.50,ITPCL TPP,,,1200.00,6000.00,532.00,721.50,ITPCL TPP,,,1200.00,6500.00,648.00,652.36,ITPCL TPP,,,1200.00,6500.00,671.00,749.23,ITPCL TPP,,,1200.00,6500.00,466.00,374.04,ITPCL TPP,,,1200.00,6500.00,382.00,366.07,ITPCL TPP,,,1200.00,6500.00,291.00,268.78,ITPCL TPP,,,1200.00,6500.00,564.00,285.74,ITPCL TPP,,,1200.00,6500.00,542.00,318.60,ITPCL TPP,,,1200.00,6500.00,538.00,298.76,ITPCL TPP,,,1200.00,6500.00,582.00,318.71,,14400.00,76500.00,6278.00,5669.23
ITPCL,COAL,,1200.00,6000.00,555.00,686.94,ITPCL,COAL,,1200.00,6000.00,507.00,628.50,ITPCL,COAL,,1200.00,6000.00,532.00,721.50,ITPCL,COAL,,1200.00,6500.00,648.00,652.36,ITPCL,COAL,,1200.00,6500.00,671.00,749.23,ITPCL,COAL,,1200.00,6500.00,466.00,374.04,ITPCL,COAL,,1200.00,6500.00,382.00,366.07,ITPCL,COAL,,1200.00,6500.00,291.00,268.78,ITPCL,COAL,,1200.00,6500.00,564.00,285.74,ITPCL,COAL,,1200.00,6500.00,542.00,318.60,ITPCL,COAL,,1200.00,6500.00,538.00,298.76,ITPCL,COAL,,1200.00,6500.00,582.00,318.71,,14400.00,76500.00,6278.00,5669.23
SAMAYANALLUR DG,,,106.00,0.00,0.00,0.00,SAMAYANALLUR DG,,,106.00,0.00,0.00,0.00,SAMAYANALLUR DG,,,106.00,0.00,0.00,0.00,SAMAYANALLUR DG,,,106.00,0.00,0.00,0.00,SAMAYANALLUR DG,,,106.00,0.00,0.00,0.00,SAMAYANALLUR DG,,,106.00,0.00,0.00,0.00,SAMAYANALLUR DG,,,106.00,0.00,0.00,0.00,SAMAYANALLUR DG,,,106.00,0.00,0.00,0.00,SAMAYANALLUR DG,,,106.00,0.00,0.00,0.00,SAMAYANALLUR DG,,,106.00,0.00,0.00,0.00,SAMAYANALLUR DG,,,106.00,0.00,0.00,0.00,SAMAYANALLUR DG,,,106.00,0.00,0.00,0.00,,1272.01,0.00,0.00,0.00
MADURAI P,DIESEL,,106.00,0.00,0.00,0.00,MADURAI P,DIESEL,,106.00,0.00,0.00,0.00,MADURAI P,DIESEL,,106.00,0.00,0.00,0.00,MADURAI P,DIESEL,,106.00,0.00,0.00,0.00,MADURAI P,DIESEL,,106.00,0.00,0.00,0.00,MADURAI P,DIESEL,,106.00,0.00,0.00,0.00,MADURAI P,DIESEL,,106.00,0.00,0.00,0.00,MADURAI P,DIESEL,,106.00,0.00,0.00,0.00,MADURAI P,DIESEL,,106.00,0.00,0.00,0.00,MADURAI P,DIESEL,,106.00,0.00,0.00,0.00,MADURAI P,DIESEL,,106.00,0.00,0.00,0.00,MADURAI P,DIESEL,,106.00,0.00,0.00,0.00,,1272.01,0.00,0.00,0.00
SAMALPATTI DG,,,105.70,0.00,0.00,0.00,SAMALPATTI DG,,,105.70,0.00,0.00,0.00,SAMALPATTI DG,,,105.70,0.00,0.00,0.00,SAMALPATTI DG,,,105.70,0.00,0.00,0.00,SAMALPATTI DG,,,105.70,0.00,0.00,0.00,SAMALPATTI DG,,,105.70,0.00,0.00,0.00,SAMALPATTI DG,,,105.70,0.00,0.00,0.00,SAMALPATTI DG,,,105.70,0.00,0.00,0.00,SAMALPATTI DG,,,105.70,0.00,0.00,0.00,SAMALPATTI DG,,,105.70,0.00,0.00,0.00,SAMALPATTI DG,,,105.70,0.00,0.00,0.00,SAMALPATTI DG,,,105.70,0.00,0.00,0.00,,1268.40,0.00,0.00,0.00
SAMALPATI,DIESEL,,105.70,0.00,0.00,0.00,SAMALPATI,DIESEL,,105.70,0.00,0.00,0.00,SAMALPATI,DIESEL,,105.70,0.00,0.00,0.00,SAMALPATI,DIESEL,,105.70,0.00,0.00,0.00,SAMALPATI,DIESEL,,105.70,0.00,0.00,0.00,SAMALPATI,DIESEL,,105.70,0.00,0.00,0.00,SAMALPATI,DIESEL,,105.70,0.00,0.00,0.00,SAMALPATI,DIESEL,,105.70,0.00,0.00,0.00,SAMALPATI,DIESEL,,105.70,0.00,0.00,0.00,SAMALPATI,DIESEL,,105.70,0.00,0.00,0.00,SAMALPATI,DIESEL,,105.70,0.00,0.00,0.00,SAMALPATI,DIESEL,,105.70,0.00,0.00,0.00,,1268.40,0.00,0.00,0.00
NEYVELI TPS(Z),,,250.00,1330.00,123.00,133.32,NEYVELI TPS(Z),,,250.00,1330.00,116.00,134.38,NEYVELI TPS(Z),,,250.00,1330.00,124.00,128.31,NEYVELI TPS(Z),,,250.00,1294.00,129.00,126.41,NEYVELI TPS(Z),,,250.00,1294.00,134.00,88.50,NEYVELI TPS(Z),,,250.00,1294.00,129.00,62.71,NEYVELI TPS(Z),,,250.00,1294.00,8.00,63.56,NEYVELI TPS(Z),,,250.00,1294.00,94.00,105.36,NEYVELI TPS(Z),,,250.00,1294.00,113.00,40.41,NEYVELI TPS(Z),,,250.00,1294.00,108.00,0.00,NEYVELI TPS(Z),,,250.00,1294.00,108.00,0.00,NEYVELI TPS(Z),,,250.00,1294.00,116.00,24.64,,3000.00,15636.00,1302.00,907.60
ST-CMSECP,COAL,,250.00,1330.00,123.00,133.32,ST-CMSECP,COAL,,250.00,1330.00,116.00,134.38,ST-CMSECP,COAL,,250.00,1330.00,124.00,128.31,ST-CMSECP,COAL,,250.00,1294.00,129.00,126.41,ST-CMSECP,COAL,,250.00,1294.00,134.00,88.50,ST-CMSECP,COAL,,250.00,1294.00,129.00,62.71,ST-CMSECP,COAL,,250.00,1294.00,8.00,63.56,ST-CMSECP,COAL,,250.00,1294.00,94.00,105.36,ST-CMSECP,COAL,,250.00,1294.00,113.00,40.41,ST-CMSECP,COAL,,250.00,1294.00,108.00,0.00,ST-CMSECP,COAL,,250.00,1294.00,108.00,0.00,ST-CMSECP,COAL,,250.00,1294.00,116.00,24.64,,3000.00,15636.00,1302.00,907.60
B. BRIDGE D.G,,,0.00,0.00,0.00,0.00,B. BRIDGE D.G,,,0.00,0.00,0.00,0.00,B. BRIDGE D.G,,,0.00,0.00,0.00,0.00,,,,,,,,,,,,,,,,,,,,,,,,,,,,,,,,,,,,,,,,,,,,,,,,,,,,,,,,,,,,,,,,,0.00,0.00,0.00,0.00
VASAVI,DIESEL,,0.00,0.00,0.00,0.00,VASAVI,DIESEL,,0.00,0.00,0.00,0.00,VASAVI,DIESEL,,0.00,0.00,0.00,0.00,,,,,,,,,,,,,,,,,,,,,,,,,,,,,,,,,,,,,,,,,,,,,,,,,,,,,,,,,,,,,,,,,0.00,0.00,0.00,0.00
PVT SECTOR,THERMAL,,3161.70,11330.00,1016.00,1184.54,PVT SECTOR,THERMAL,,3161.70,11330.00,939.00,1083.62,PVT SECTOR,THERMAL,,3161.70,11330.00,994.00,1338.62,PVT SECTOR,THERMAL,,3161.70,11794.00,1210.00,995.92,PVT SECTOR,THERMAL,,3161.70,11794.00,1254.00,1103.15,PVT SECTOR,THERMAL,,3161.70,11794.00,1024.00,476.99,PVT SECTOR,THERMAL,,3161.70,11794.00,799.00,642.40,PVT SECTOR,THERMAL,,3161.70,11794.00,582.00,516.12,PVT SECTOR,THERMAL,,3161.70,11794.00,1054.00,381.99,PVT SECTOR,THERMAL,,3161.70,11794.00,1013.00,517.29,PVT SECTOR,THERMAL,,3161.70,11794.00,1005.00,596.22,PVT SECTOR,THERMAL,,3161.70,11794.00,817.00,560.74,,37940.41,140136.00,11707.00,9397.60
KARUPPUR CCPP,,,119.80,550.00,45.00,51.04,KARUPPUR CCPP,,,119.80,550.00,43.00,38.35,KARUPPUR CCPP,,,119.80,550.00,46.00,66.32,KARUPPUR CCPP,,,119.80,550.00,47.00,57.51,KARUPPUR CCPP,,,119.80,550.00,49.00,44.21,KARUPPUR CCPP,,,119.80,550.00,24.00,39.79,KARUPPUR CCPP,,,119.80,550.00,49.00,40.20,KARUPPUR CCPP,,,119.80,550.00,49.00,0.00,KARUPPUR CCPP,,,119.80,550.00,47.00,0.00,KARUPPUR CCPP,,,119.80,550.00,49.00,0.00,KARUPPUR CCPP,,,119.80,550.00,47.00,0.00,KARUPPUR CCPP,,,119.80,550.00,49.00,0.00,,1437.60,6600.00,544.00,337.42
ABAN POWR,NATURAL GAS,,119.80,550.00,45.00,51.04,ABAN POWR,NATURAL GAS,,119.80,550.00,43.00,38.35,ABAN POWR,NATURAL GAS,,119.80,550.00,46.00,66.32,ABAN POWR,NATURAL GAS,,119.80,550.00,47.00,57.51,ABAN POWR,NATURAL GAS,,119.80,550.00,49.00,44.21,ABAN POWR,NATURAL GAS,,119.80,550.00,24.00,39.79,ABAN POWR,NATURAL GAS,,119.80,550.00,49.00,40.20,ABAN POWR,NATURAL GAS,,119.80,550.00,49.00,0.00,ABAN POWR,NATURAL GAS,,119.80,550.00,47.00,0.00,ABAN POWR,NATURAL GAS,,119.80,550.00,49.00,0.00,ABAN POWR,NATURAL GAS,,119.80,550.00,47.00,0.00,ABAN POWR,NATURAL GAS,,119.80,550.00,49.00,0.00,,1437.60,6600.00,544.00,337.42
VALANTARVY CCPP,,,52.80,340.00,29.00,25.56,VALANTARVY CCPP,,,52.80,340.00,28.00,26.61,VALANTARVY CCPP,,,52.80,340.00,29.00,27.42,VALANTARVY CCPP,,,52.80,340.00,31.00,30.81,VALANTARVY CCPP,,,52.80,340.00,32.00,30.63,VALANTARVY CCPP,,,52.80,340.00,31.00,20.82,VALANTARVY CCPP,,,52.80,340.00,32.00,0.00,VALANTARVY CCPP,,,52.80,340.00,32.00,0.00,VALANTARVY CCPP,,,52.80,340.00,31.00,5.32,VALANTARVY CCPP,,,52.80,340.00,32.00,19.55,VALANTARVY CCPP,,,52.80,340.00,31.00,30.00,VALANTARVY CCPP,,,52.80,340.00,30.00,31.05,,633.60,4080.00,368.00,247.77
PENNA,NATURAL GAS,,52.80,340.00,29.00,25.56,PENNA,NATURAL GAS,,52.80,340.00,28.00,26.61,PENNA,NATURAL GAS,,52.80,340.00,29.00,27.42,PENNA,NATURAL GAS,,52.80,340.00,31.00,30.81,PENNA,NATURAL GAS,,52.80,340.00,32.00,30.63,PENNA,NATURAL GAS,,52.80,340.00,31.00,20.82,PENNA,NATURAL GAS,,52.80,340.00,32.00,0.00,PENNA,NATURAL GAS,,52.80,340.00,32.00,0.00,PENNA,NATURAL GAS,,52.80,340.00,31.00,5.32,PENNA,NATURAL GAS,,52.80,340.00,32.00,19.55,PENNA,NATURAL GAS,,52.80,340.00,31.00,30.00,PENNA,NATURAL GAS,,52.80,340.00,30.00,31.05,,633.60,4080.00,368.00,247.77
P.NALLUR CCPP,,,330.50,0.00,0.00,0.00,P.NALLUR CCPP,,,330.50,0.00,0.00,0.00,P.NALLUR CCPP,,,330.50,0.00,0.00,0.00,P.NALLUR CCPP,,,330.50,0.00,0.00,0.00,P.NALLUR CCPP,,,330.50,0.00,0.00,0.00,P.NALLUR CCPP,,,330.50,0.00,0.00,0.00,P.NALLUR CCPP,,,330.50,0.00,0.00,0.00,P.NALLUR CCPP,,,330.50,0.00,0.00,0.00,P.NALLUR CCPP,,,330.50,0.00,0.00,0.00,P.NALLUR CCPP,,,330.50,0.00,0.00,0.00,P.NALLUR CCPP,,,330.50,0.00,0.00,2.01,P.NALLUR CCPP,,,330.50,0.00,0.00,0.00,,3966.00,0.00,0.00,2.01
PPNPGCL,NATURAL GAS,,330.50,0.00,0.00,0.00,PPNPGCL,NATURAL GAS,,330.50,0.00,0.00,0.00,PPNPGCL,NATURAL GAS,,330.50,0.00,0.00,0.00,PPNPGCL,NATURAL GAS,,330.50,0.00,0.00,0.00,PPNPGCL,NATURAL GAS,,330.50,0.00,0.00,0.00,PPNPGCL,NATURAL GAS,,330.50,0.00,0.00,0.00,PPNPGCL,NATURAL GAS,,330.50,0.00,0.00,0.00,PPNPGCL,NATURAL GAS,,330.50,0.00,0.00,0.00,PPNPGCL,NATURAL GAS,,330.50,0.00,0.00,0.00,PPNPGCL,NATURAL GAS,,330.50,0.00,0.00,0.00,PPNPGCL,NATURAL GAS,,330.50,0.00,0.00,2.01,PPNPGCL,NATURAL GAS,,330.50,0.00,0.00,0.00,,3966.00,0.00,0.00,2.01
PVT SECTOR,NATURAL GAS,,503.10,890.00,74.00,76.60,PVT SECTOR,NATURAL GAS,,503.10,890.00,71.00,64.96,PVT SECTOR,NATURAL GAS,,503.10,890.00,75.00,93.74,PVT SECTOR,NATURAL GAS,,503.10,890.00,78.00,88.32,PVT SECTOR,NATURAL GAS,,503.10,890.00,81.00,74.84,PVT SECTOR,NATURAL GAS,,503.10,890.00,55.00,60.61,PVT SECTOR,NATURAL GAS,,503.10,890.00,81.00,40.20,PVT SECTOR,NATURAL GAS,,503.10,890.00,81.00,0.00,PVT SECTOR,NATURAL GAS,,503.10,890.00,78.00,5.32,PVT SECTOR,NATURAL GAS,,503.10,890.00,81.00,19.55,PVT SECTOR,NATURAL GAS,,503.10,890.00,78.00,32.01,PVT SECTOR,NATURAL GAS,,503.10,890.00,79.00,31.05,,6037.20,10680.00,912.00,587.20
CENTRAL SECTOR,,,,,,,CENTRAL SECTOR,,,,,,,CENTRAL SECTOR,,,,,,,CENTRAL SECTOR,,,,,,,CENTRAL SECTOR,,,,,,,CENTRAL SECTOR,,,,,,,CENTRAL SECTOR,,,,,,,CENTRAL SECTOR,,,,,,,CENTRAL SECTOR,,,,,,,CENTRAL SECTOR,,,,,,,CENTRAL SECTOR,,,,,,,CENTRAL SECTOR,,,,,,,,0.00,0.00,0.00,0.00
NEYVELI ( EXT) TPS,,,420.00,2952.00,272.00,296.84,NEYVELI ( EXT) TPS,,,420.00,2952.00,254.00,288.49,NEYVELI ( EXT) TPS,,,420.00,2952.00,272.00,302.21,NEYVELI ( EXT) TPS,,,420.00,2952.00,290.00,282.51,NEYVELI ( EXT) TPS,,,420.00,2952.00,156.00,283.86,NEYVELI ( EXT) TPS,,,420.00,2952.00,206.00,280.36,NEYVELI ( EXT) TPS,,,420.00,2952.00,216.00,309.37,NEYVELI ( EXT) TPS,,,420.00,2952.00,262.00,297.71,NEYVELI ( EXT) TPS,,,420.00,2952.00,252.00,151.68,NEYVELI ( EXT) TPS,,,420.00,2952.00,244.00,201.98,NEYVELI ( EXT) TPS,,,420.00,2952.00,240.00,147.31,NEYVELI ( EXT) TPS,,,420.00,2952.00,262.00,220.56,,5040.00,35424.00,2926.00,3062.88
NEYVELI NEW TPP,,,500.00,954.00,73.00,151.94,NEYVELI NEW TPP,,,500.00,954.00,87.00,227.72,NEYVELI NEW TPP,,,500.00,954.00,80.00,163.36,NEYVELI NEW TPP,,,500.00,4000.00,388.00,243.13,NEYVELI NEW TPP,,,500.00,4000.00,402.00,305.33,NEYVELI NEW TPP,,,500.00,4000.00,386.00,232.43,NEYVELI NEW TPP,,,500.00,4000.00,366.00,314.92,NEYVELI NEW TPP,,,500.00,4000.00,350.00,116.94,NEYVELI NEW TPP,,,500.00,4000.00,338.00,274.49,NEYVELI NEW TPP,,,500.00,4000.00,324.00,300.34,NEYVELI NEW TPP,,,500.00,4000.00,183.00,290.54,NEYVELI NEW TPP,,,500.00,4000.00,202.00,212.13,,6000.00,38862.00,3179.00,2833.27
NEYVELI TPS- I,,,500.00,1403.00,0.00,209.73,NEYVELI TPS- I,,,500.00,1403.00,0.00,190.49,NEYVELI TPS- I,,,500.00,1403.00,0.00,211.39,NEYVELI TPS- I,,,350.00,0.00,0.00,159.04,NEYVELI TPS- I,,,350.00,0.00,0.00,133.38,NEYVELI TPS- I,,,350.00,0.00,0.00,91.18,NEYVELI TPS- I,,,350.00,0.00,0.00,61.26,NEYVELI TPS- I,,,100.00,0.00,0.00,46.71,NEYVELI TPS- I,,,100.00,0.00,0.00,39.57,NEYVELI TPS- I,,,0.00,0.00,0.00,0.50,NEYVELI TPS- I,,,0.00,0.00,0.00,0.00,NEYVELI TPS- I,,,0.00,0.00,0.00,0.00,,3100.00,4209.00,0.00,1143.25
NEYVELI TPS-II,,,1470.00,9684.00,899.00,936.09,NEYVELI TPS-II,,,1470.00,9684.00,843.00,834.41,NEYVELI TPS-II,,,1470.00,9684.00,900.00,976.00,NEYVELI TPS-II,,,1470.00,9684.00,925.00,779.74,NEYVELI TPS-II,,,1470.00,9684.00,914.00,696.18,NEYVELI TPS-II,,,1470.00,9684.00,816.00,779.86,NEYVELI TPS-II,,,1470.00,9684.00,794.00,194.80,NEYVELI TPS-II,,,1470.00,9684.00,712.00,226.59,NEYVELI TPS-II,,,1470.00,9684.00,695.00,380.94,NEYVELI TPS-II,,,1470.00,9684.00,753.00,343.72,NEYVELI TPS-II,,,1470.00,9684.00,766.00,682.97,NEYVELI TPS-II,,,1470.00,9684.00,755.00,573.56,,17640.00,116208.00,9772.00,7404.86
NEYVELI TPS-II EXP,,,500.00,3285.00,315.00,82.10,NEYVELI TPS-II EXP,,,500.00,3285.00,295.00,174.38,NEYVELI TPS-II EXP,,,500.00,3285.00,318.00,94.12,NEYVELI TPS-II EXP,,,500.00,2850.00,292.00,168.78,NEYVELI TPS-II EXP,,,500.00,2850.00,303.00,143.25,NEYVELI TPS-II EXP,,,500.00,2850.00,290.00,187.23,NEYVELI TPS-II EXP,,,500.00,2850.00,136.00,61.90,NEYVELI TPS-II EXP,,,500.00,2850.00,265.00,200.43,NEYVELI TPS-II EXP,,,500.00,2850.00,255.00,218.77,NEYVELI TPS-II EXP,,,500.00,2850.00,245.00,218.84,NEYVELI TPS-II EXP,,,500.00,2850.00,243.00,146.68,NEYVELI TPS-II EXP,,,500.00,2850.00,263.00,174.65,,6000.00,35505.00,3220.00,1871.13
NLC,COAL,,3390.00,18278.00,1559.00,1676.70,NLC,COAL,,3390.00,18278.00,1479.00,1715.49,NLC,COAL,,3390.00,18278.00,1570.00,1747.08,NLC,COAL,,3240.00,19486.00,1895.00,1633.20,NLC,COAL,,3240.00,19486.00,1775.00,1562.00,NLC,COAL,,3240.00,19486.00,1698.00,1571.06,NLC,COAL,,3240.00,19486.00,1512.00,942.25,NLC,COAL,,2990.00,19486.00,1589.00,888.38,NLC,COAL,,2990.00,19486.00,1540.00,1065.45,NLC,COAL,,2890.00,19486.00,1566.00,1065.38,NLC,COAL,,2890.00,19486.00,1432.00,1267.50,NLC,COAL,,2890.00,19486.00,1482.00,1180.90,,37780.00,230208.00,19097.00,16315.39
VALLUR TPP,,,1500.00,8000.00,729.00,525.77,VALLUR TPP,,,1500.00,8000.00,665.00,522.66,VALLUR TPP,,,1500.00,8000.00,723.00,522.13,VALLUR TPP,,,1500.00,7950.00,759.00,157.50,VALLUR TPP,,,1500.00,7950.00,785.00,210.57,VALLUR TPP,,,1500.00,7950.00,658.00,157.02,VALLUR TPP,,,1500.00,7950.00,468.00,173.23,VALLUR TPP,,,1500.00,7950.00,589.00,236.68,VALLUR TPP,,,1500.00,7950.00,661.00,70.28,VALLUR TPP,,,1500.00,7950.00,600.00,384.55,VALLUR TPP,,,1500.00,7950.00,630.00,525.81,VALLUR TPP,,,1500.00,7950.00,681.00,420.49,,18000.00,95550.00,7948.00,3906.69
NTECL,COAL,,1500.00,8000.00,729.00,525.77,NTECL,COAL,,1500.00,8000.00,665.00,522.66,NTECL,COAL,,1500.00,8000.00,723.00,522.13,NTECL,COAL,,1500.00,7950.00,759.00,157.50,NTECL,COAL,,1500.00,7950.00,785.00,210.57,NTECL,COAL,,1500.00,7950.00,658.00,157.02,NTECL,COAL,,1500.00,7950.00,468.00,173.23,NTECL,COAL,,1500.00,7950.00,589.00,236.68,NTECL,COAL,,1500.00,7950.00,661.00,70.28,NTECL,COAL,,1500.00,7950.00,600.00,384.55,NTECL,COAL,,1500.00,7950.00,630.00,525.81,NTECL,COAL,,1500.00,7950.00,681.00,420.49,,18000.00,95550.00,7948.00,3906.69
TUTICORIN (JV) TPP,,,1000.00,6200.00,557.00,587.10,TUTICORIN (JV) TPP,,,1000.00,6200.00,511.00,532.06,TUTICORIN (JV) TPP,,,1000.00,6200.00,545.00,520.92,TUTICORIN (JV) TPP,,,1000.00,6100.00,595.00,462.94,TUTICORIN (JV) TPP,,,1000.00,6100.00,615.00,363.52,TUTICORIN (JV) TPP,,,1000.00,6100.00,591.00,486.48,TUTICORIN (JV) TPP,,,1000.00,6100.00,417.00,485.26,TUTICORIN (JV) TPP,,,1000.00,6100.00,503.00,395.30,TUTICORIN (JV) TPP,,,1000.00,6100.00,327.00,417.08,TUTICORIN (JV) TPP,,,1000.00,6100.00,392.00,514.43,TUTICORIN (JV) TPP,,,1000.00,6100.00,493.00,475.72,TUTICORIN (JV) TPP,,,1000.00,6100.00,534.00,261.11,,12000.00,73500.00,6080.00,5501.92
NTPL,COAL,,1000.00,6200.00,557.00,587.10,NTPL,COAL,,1000.00,6200.00,511.00,532.06,NTPL,COAL,,1000.00,6200.00,545.00,520.92,NTPL,COAL,,1000.00,6100.00,595.00,462.94,NTPL,COAL,,1000.00,6100.00,615.00,363.52,NTPL,COAL,,1000.00,6100.00,591.00,486.48,NTPL,COAL,,1000.00,6100.00,417.00,485.26,NTPL,COAL,,1000.00,6100.00,503.00,395.30,NTPL,COAL,,1000.00,6100.00,327.00,417.08,NTPL,COAL,,1000.00,6100.00,392.00,514.43,NTPL,COAL,,1000.00,6100.00,493.00,475.72,NTPL,COAL,,1000.00,6100.00,534.00,261.11,,12000.00,73500.00,6080.00,5501.92
CENTRAL ,THERMAL,,5890.00,32478.00,2845.00,2789.57,CENTRAL ,THERMAL,,5890.00,32478.00,2655.00,2770.21,CENTRAL ,THERMAL,,5890.00,32478.00,2838.00,2790.13,CENTRAL ,THERMAL,,5740.00,33536.00,3249.00,2253.64,CENTRAL ,THERMAL,,5740.00,33536.00,3175.00,2136.09,CENTRAL ,THERMAL,,5740.00,33536.00,2947.00,2214.56,CENTRAL ,THERMAL,,5740.00,33536.00,2397.00,1600.74,CENTRAL ,THERMAL,,5490.00,33536.00,2681.00,1520.36,CENTRAL ,THERMAL,,5490.00,33536.00,2528.00,1552.81,CENTRAL ,THERMAL,,5390.00,33536.00,2558.00,1964.36,CENTRAL ,THERMAL,,5390.00,33536.00,2555.00,2269.03,CENTRAL ,THERMAL,,5390.00,33536.00,2697.00,1862.50,,67780.00,399258.00,33125.00,25724.00
KUDANKULAM,,,2000.00,12438.00,1264.00,663.49,KUDANKULAM,,,2000.00,12438.00,1182.00,532.69,KUDANKULAM,,,2000.00,12438.00,1264.00,1083.06,KUDANKULAM,,,2000.00,10710.00,540.00,1066.04,KUDANKULAM,,,2000.00,10710.00,558.00,871.31,KUDANKULAM,,,2000.00,10710.00,810.00,730.66,KUDANKULAM,,,2000.00,10710.00,1116.00,498.43,KUDANKULAM,,,2000.00,10710.00,1116.00,807.49,KUDANKULAM,,,2000.00,10710.00,1080.00,1401.55,KUDANKULAM,,,2000.00,10710.00,1116.00,1479.97,KUDANKULAM,,,2000.00,10710.00,1080.00,1288.63,KUDANKULAM,,,2000.00,10710.00,1116.00,1331.32,,24000.00,133704.00,12242.00,11754.64
MADRAS  A.P.S.,,,440.00,3094.00,260.00,131.71,MADRAS  A.P.S.,,,440.00,3094.00,246.00,157.73,MADRAS  A.P.S.,,,440.00,3094.00,262.00,164.11,MADRAS  A.P.S.,,,440.00,2694.00,237.00,152.50,MADRAS  A.P.S.,,,440.00,2694.00,245.00,152.08,MADRAS  A.P.S.,,,440.00,2694.00,237.00,156.05,MADRAS  A.P.S.,,,440.00,2694.00,245.00,150.98,MADRAS  A.P.S.,,,440.00,2694.00,245.00,168.02,MADRAS  A.P.S.,,,440.00,2694.00,237.00,161.33,MADRAS  A.P.S.,,,440.00,2694.00,245.00,144.62,MADRAS  A.P.S.,,,440.00,2694.00,237.00,69.09,MADRAS  A.P.S.,,,440.00,2694.00,245.00,159.52,,5280.00,33528.00,2941.00,1767.74
NPCIL,NUCLEAR,,2440.00,15532.00,1524.00,795.20,NPCIL,NUCLEAR,,2440.00,15532.00,1428.00,690.42,NPCIL,NUCLEAR,,2440.00,15532.00,1526.00,1247.17,NPCIL,NUCLEAR,,2440.00,13404.00,777.00,1218.54,NPCIL,NUCLEAR,,2440.00,13404.00,803.00,1023.39,NPCIL,NUCLEAR,,2440.00,13404.00,1047.00,886.71,NPCIL,NUCLEAR,,2440.00,13404.00,1361.00,649.41,NPCIL,NUCLEAR,,2440.00,13404.00,1361.00,975.51,NPCIL,NUCLEAR,,2440.00,13404.00,1317.00,1562.88,NPCIL,NUCLEAR,,2440.00,13404.00,1361.00,1624.59,NPCIL,NUCLEAR,,2440.00,13404.00,1317.00,1357.72,NPCIL,NUCLEAR,,2440.00,13404.00,1361.00,1490.84,,29280.00,167232.00,15183.00,13522.38
CENTRAL ,NUCLEAR,,2440.00,15532.00,1524.00,795.20,CENTRAL ,NUCLEAR,,2440.00,15532.00,1428.00,690.42,CENTRAL ,NUCLEAR,,2440.00,15532.00,1526.00,1247.17,CENTRAL ,NUCLEAR,,2440.00,13404.00,777.00,1218.54,CENTRAL ,NUCLEAR,,2440.00,13404.00,803.00,1023.39,CENTRAL ,NUCLEAR,,2440.00,13404.00,1047.00,886.71,CENTRAL ,NUCLEAR,,2440.00,13404.00,1361.00,649.41,CENTRAL ,NUCLEAR,,2440.00,13404.00,1361.00,975.51,CENTRAL ,NUCLEAR,,2440.00,13404.00,1317.00,1562.88,CENTRAL ,NUCLEAR,,2440.00,13404.00,1361.00,1624.59,CENTRAL ,NUCLEAR,,2440.00,13404.00,1317.00,1357.72,CENTRAL ,NUCLEAR,,2440.00,13404.00,1361.00,1490.84,,29280.00,167232.00,15183.00,13522.38
TOTAL                  THERMAL,,,13371.70,69408.00,6141.00,5502.36,TOTAL                  THERMAL,,,13371.70,69408.00,5719.00,5884.78,TOTAL                  THERMAL,,,13371.70,69408.00,6109.00,5871.84,TOTAL                  THERMAL,,,13221.70,71430.00,6926.00,3784.94,TOTAL                  THERMAL,,,13221.70,71430.00,6984.00,4953.45,TOTAL                  THERMAL,,,13221.70,71430.00,6367.00,4447.80,TOTAL                  THERMAL,,,13221.70,71430.00,5110.00,3927.59,TOTAL                  THERMAL,,,12971.70,71430.00,5048.00,3451.64,TOTAL                  THERMAL,,,12971.70,71430.00,5158.00,2881.51,TOTAL                  THERMAL,,,12871.70,71430.00,5844.00,3436.13,TOTAL                  THERMAL,,,12871.70,71430.00,5553.00,3843.43,TOTAL                  THERMAL,,,12871.70,71430.00,5615.00,3580.72,,157560.41,851094.00,70574.00,51566.19
TOTAL                  NUCLEAR,,,2440.00,15532.00,1524.00,795.20,TOTAL                  NUCLEAR,,,2440.00,15532.00,1428.00,690.42,TOTAL                  NUCLEAR,,,2440.00,15532.00,1526.00,1247.17,TOTAL                  NUCLEAR,,,2440.00,13404.00,777.00,1218.54,TOTAL                  NUCLEAR,,,2440.00,13404.00,803.00,1023.39,TOTAL                  NUCLEAR,,,2440.00,13404.00,1047.00,886.71,TOTAL                  NUCLEAR,,,2440.00,13404.00,1361.00,649.41,TOTAL                  NUCLEAR,,,2440.00,13404.00,1361.00,975.51,TOTAL                  NUCLEAR,,,2440.00,13404.00,1317.00,1562.88,TOTAL                  NUCLEAR,,,2440.00,13404.00,1361.00,1624.59,TOTAL                  NUCLEAR,,,2440.00,13404.00,1317.00,1357.72,TOTAL                  NUCLEAR,,,2440.00,13404.00,1361.00,1490.84,,29280.00,167232.00,15183.00,13522.38
TOTAL                  NATURAL GAS,,,1017.18,2484.00,210.00,258.63,TOTAL                  NATURAL GAS,,,1017.18,2484.00,202.00,271.26,TOTAL                  NATURAL GAS,,,1017.18,2484.00,216.00,252.83,TOTAL                  NATURAL GAS,,,1017.18,2484.00,216.00,275.10,TOTAL                  NATURAL GAS,,,1017.18,2484.00,222.00,299.35,TOTAL                  NATURAL GAS,,,1017.18,2484.00,193.00,223.68,TOTAL                  NATURAL GAS,,,1017.18,2484.00,175.00,193.87,TOTAL                  NATURAL GAS,,,1017.18,2484.00,206.00,178.68,TOTAL                  NATURAL GAS,,,1017.18,2484.00,216.00,201.21,TOTAL                  NATURAL GAS,,,1017.18,2484.00,215.00,214.20,TOTAL                  NATURAL GAS,,,1017.18,2484.00,208.00,195.99,TOTAL                  NATURAL GAS,,,1017.18,2484.00,214.00,136.44,,12206.16,29808.00,2493.00,2701.24
TOTAL                  HYDRO,,,2178.20,3890.00,320.00,513.08,TOTAL                  HYDRO,,,2178.20,3890.00,249.00,291.15,TOTAL                  HYDRO,,,2178.20,3890.00,257.00,295.28,TOTAL                  HYDRO,,,2178.20,4040.00,185.00,248.46,TOTAL                  HYDRO,,,2178.20,4040.00,185.00,276.84,TOTAL                  HYDRO,,,2178.20,4040.00,230.00,305.53,TOTAL                  HYDRO,,,2178.20,4040.00,326.00,444.80,TOTAL                  HYDRO,,,2178.20,4040.00,449.00,694.30,TOTAL                  HYDRO,,,2178.20,4040.00,562.00,604.21,TOTAL                  HYDRO,,,2178.20,4040.00,514.00,604.54,TOTAL                  HYDRO,,,2178.20,4040.00,391.00,559.61,TOTAL                  HYDRO,,,2178.20,4040.00,441.00,506.27,,26138.40,48030.00,4109.00,5344.07
TOTAL  TAMIL NADU,,,19007.08,91314.00,8195.00,7069.27,TOTAL  TAMIL NADU,,,19007.08,91314.00,7598.00,7137.61,TOTAL  TAMIL NADU,,,19007.08,91314.00,8108.00,7667.12,TOTAL  TAMIL NADU,,,18857.08,91358.00,8104.00,5527.04,TOTAL  TAMIL NADU,,,18857.08,91358.00,8194.00,6553.03,TOTAL  TAMIL NADU,,,18857.08,91358.00,7837.00,5863.72,TOTAL  TAMIL NADU,,,18857.08,91358.00,6972.00,5215.67,TOTAL  TAMIL NADU,,,18607.08,91358.00,7064.00,5300.13,TOTAL  TAMIL NADU,,,18607.08,91358.00,7253.00,5249.81,TOTAL  TAMIL NADU,,,18507.08,91358.00,7934.00,5879.46,TOTAL  TAMIL NADU,,,18507.08,91358.00,7469.00,5956.75,TOTAL  TAMIL NADU,,,18507.08,91358.00,7631.00,5714.27,,225184.97,1096164.00,92359.00,73133.88
