PO_day,PO_date,PO_start_time,PO_end_time,PO_posting_date,PO_posting_time
Today,04/07/2022,09.00 am,02.00 pm,04/Jul/2022,7:36:07 AM
Saturday,02/07/2022,09.00 am,02.00 pm,01/Jul/2022,8:45:31 AM
Friday,01/07/2022,09.00 am,02.00 pm,01/Jul/2022,8:38:58 AM
Thursday,30/06/2022,9 am,"2 pm,",30/Jun/2022,8:10:28 AM
Wednesday,29/06/2022,09.00 am,02.00 pm,28/Jun/2022,3:47:10 PM
Tuesday,28/06/2022,09.00 am,02.00 pm,27/Jun/2022,9:37:59 AM
Monday,27/06/2022,09.00 am,02.00 pm,26/Jun/2022,9:50:43 PM
Saturday,25/06/2022,09.00 am,02.00 pm,25/Jun/2022,8:12:03 AM
-,Friday(24/06/2022,09.00 am,02.00 pm,23/Jun/2022,1:13:07 PM
Thursday,23/06/2022,09.00 am,02.00 pm,22/Jun/2022,3:18:24 PM
Wednesday,22/06/2022,09.00 am,02.00 pm,21/Jun/2022,9:08:10 AM
Tuesday,21/06/2022,09.00 am,02.00 pm,21/Jun/2022,8:37:33 AM
Monday,20/06/2022,09.00 am,02.00 pm,20/Jun/2022,8:19:31 AM
Saturday,18/06/2022,09.00 am,02.00 pm,18/Jun/2022,12:28:23 PM
Friday,17/06/2022,09.00 am,02.00 pm,15/Jun/2022,9:53:54 PM
Thursday,16/06/2022,09.00 am,02.00 pm,15/Jun/2022,9:51:09 PM
Wednesday,15/06/2022,09.00 am,02.00 pm,14/Jun/2022,4:49:43 PM
Tuesday,14/06/2022,09.00 am,02.00 pm,13/Jun/2022,9:26:11 AM
Monday,13/06/2022,09.00 am,02.00 pm,13/Jun/2022,9:22:11 AM
Saturday,11/06/2022,09.00 am,02.00 pm,11/Jun/2022,9:36:52 AM
Friday,10/06/2022,09.00 am,02.00 pm,09/Jun/2022,1:10:44 PM
Thursday,09/06/2022,09.00 am,02.00 pm,09/Jun/2022,1:01:33 PM
Today,07/06/2022,09.00 am,02.00 pm,07/Jun/2022,10:50:52 AM
Wednesday,08/06/2022,09.00 am,02.00 pm,06/Jun/2022,10:24:11 PM
Monday,06/05/2022,09.00 am,02.00 pm,05/Jun/2022,9:39:36 PM
Today,09/04/2022,09.00 am,02.00 pm,09/Apr/2022,8:04:55 AM
Wednesday,06/04/2022,09.00 am,02.00 pm,05/Apr/2022,9:33:57 PM
Tuesday,05/04/2022,09.00 am,02.00 pm,04/Apr/2022,10:10:22 AM
Monday,04/04/2022,09.00 am,02.00 pm,04/Apr/2022,7:29:49 AM
Saturday,02/04/2022,09.00 am,02.00 pm,01/Apr/2022,12:51:34 PM
Friday,01/04/2022,09.00 am,02.00 pm,31/Mar/2022,7:09:12 PM
Thursday,31/03/2022,09.00 am,02.00 pm,30/Mar/2022,5:24:01 PM
Wednesday,30/03/2022,09.00 am,02.00 pm,29/Mar/2022,9:53:01 PM
Tuesday,29/03/2022,09.00 am,02.00 pm,28/Mar/2022,10:06:52 AM
Saturday,26/03/2022,09.00 am,02.00 pm,25/Mar/2022,6:30:53 PM
Friday,25/03/2022,09.00 am,02.00 pm,24/Mar/2022,6:24:39 PM
Saturday,19/03/2022,09.00 am,02.00 pm,18/Mar/2022,9:34:30 PM
Friday,18/03/2022,09.00 am,02.00 pm,17/Mar/2022,1:02:00 PM
Thursday,17/03/2022,09.00 am,02.00 pm,16/Mar/2022,4:21:16 PM
Wednesday,16/03/2022,09.00 am,02.00 pm,15/Mar/2022,9:33:41 PM
Tuesday,15/03/2022,09.00 am,02.00 pm,15/Mar/2022,7:12:40 AM
Monday,14/03/2022,09.00 am,02.00 pm,14/Mar/2022,9:29:19 AM
Saturday,12/03/2022,09.00 am,02.00 pm,11/Mar/2022,9:15:22 AM
Friday,11/03/2022,09.00 am,02.00 pm,10/Mar/2022,10:06:57 PM
Thursday,10/03/2022,09.00 am,02.00 pm,08/Mar/2022,10:48:52 PM
Wednesday,09/03/2022,09.00 am,02.00 pm,08/Mar/2022,10:31:08 PM
Tuesday,08/03/2022,09.00 am,02.00 pm,07/Mar/2022,5:35:19 PM
-,Monday(07/03/2022,09.00 am,02.00 pm,07/Mar/2022,7:57:44 AM
Friday,04/03/2022,09.00 am,02.00 pm,03/Mar/2022,10:31:54 AM
Thursday,03/03/2022,09.00 am,02.00 pm,02/Mar/2022,10:55:44 PM
Wednesday,02/03/2022,09.00 am,02.00 pm,01/Mar/2022,2:58:55 PM
Tuesday,01/03/2022,09.00 am,02.00 pm,28/Feb/2022,8:50:55 AM
Monday,28/02/2022,09.00 am,02.00 pm,26/Feb/2022,10:14:43 PM
Saturday,26/02/2022,09.00 am,02.00 pm,26/Feb/2022,8:02:22 AM
Friday,25/02/2022,09.00 am,02.00 pm,24/Feb/2022,4:07:40 PM
Wednesday,23/02/2022,09.00 am,02.00 pm,21/Feb/2022,9:34:53 PM
Saturday,29/01/2022,09.00 am,02.00 pm,28/Jan/2022,9:20:09 PM
Friday,28/01/2022,09.00 am,02.00 pm,26/Jan/2022,9:12:04 PM
Thursday,27/01/2022,09.00 am,02.00 pm,26/Jan/2022,9:11:24 PM
Tuesday,25/01/2022,09.00 am,02.00 pm,24/Jan/2022,11:12:17 PM
Monday,24/01/2022,09.00 am,02.00 pm,24/Jan/2022,8:50:39 AM
Today,22/01/2022,09.00 am,02.00 pm,22/Jan/2022,8:09:10 AM
Friday,21/01/2022,09.00 am,02.00 pm,20/Jan/2022,9:41:14 PM
Thursday,20/01/2022,09.00 am,02.00 pm,18/Jan/2022,9:23:33 PM
Wednesday,19/01/2022,09.00 am,02.00 pm,15/Jan/2022,12:10:34 PM
Wednesday,12/01/2022,09.00 am,02.00 pm,12/Jan/2022,8:25:46 AM
Monday,10/01/2022,09.00 am,02.00 pm,09/Jan/2022,10:29:04 PM
Saturday,08/01/2022,09.00 am,02.00 pm,07/Jan/2022,7:41:53 AM
Friday,07/01/2022,09.00 am,02.00 pm,07/Jan/2022,7:04:41 AM
Thursday,06/01/2022,09.00 am,02.00 pm,05/Jan/2022,4:11:33 PM
Wednesday,05/01/2022,09.00 am,02.00 pm,04/Jan/2022,8:06:20 AM
-,Tuesday(04/01/2022,09.00 am,02.00 pm,01/Jan/2022,10:17:47 PM
Today,31/12/2021,09.00 am,02.00 pm,31/Dec/2021,9:58:53 AM
Thursday,30/12/2021,09.00 am,02.00 pm,29/Dec/2021,9:05:46 PM
Wednesday,29/12/2021,09.00 am,02.00 pm,28/Dec/2021,12:27:13 PM
Monday,27/12/2021,09.00 am,02.00 pm,24/Dec/2021,9:41:35 PM
Tuesday,28/12/2021,09.00 am,02.00 pm,24/Dec/2021,9:41:25 PM
Thursday,23/12/2021,09.00 am,05.00 pm,22/Dec/2021,5:25:38 PM
Friday,24/12/2021,09.00 am,05.00 pm,22/Dec/2021,5:23:12 PM
Wednesday,22/12/2021,09.00 am,05.00 pm,21/Dec/2021,5:41:33 PM
Tuesday,21/12/2021,09.00 am,05.00 pm,19/Dec/2021,9:17:26 PM
Monday,20/12/2021,09.00 am,05.00 pm,19/Dec/2021,9:13:28 PM
Chennai,18/12/2021,09.00 am,05.00 pm,17/Dec/2021,4:49:22 PM
Chennai,17/12/2021,09.00 am,04.00 pm,17/Dec/2021,7:57:04 AM
Thursday,16/12/2021,09.00 am,05.00 pm,14/Dec/2021,9:26:04 PM
Wednesday,15/12/2021,09.00 am,04.00 pm,13/Dec/2021,5:21:15 PM
Chennai,11/12/2021,09.00 am,04.00 pm,10/Dec/2021,9:30:52 PM
Chennai,09/12/2021,09.00 am,02.00 pm,08/Dec/2021,9:28:59 PM
Chennai,10/12/2021,09.00 am,04.00 pm,08/Dec/2021,9:28:14 PM
Chennai,08/12/2021,09.00 am,02.00 pm,07/Dec/2021,10:00:41 AM
Chennai,07/12/2021,09.00 am,02.00 pm,06/Dec/2021,5:34:21 PM
Chennai,03/12/2021,09.00 am,02.00 pm,02/Dec/2021,8:45:45 AM
Chennai,02/12/2021,09.00 am,02.00 pm,01/Dec/2021,8:43:00 AM
Chennai,29/11/2021,09.00 am,02.00 pm,29/Nov/2021,9:18:24 AM
Chennai,30/11/2021,09.00 am,02.00 pm,29/Nov/2021,9:15:07 AM
Chennai,25/11/2021,09.00 am,02.00 pm,25/Nov/2021,7:05:16 AM
Chennai,26/11/2021,09.00 am,02.00 pm,25/Nov/2021,7:05:08 AM
Chennai,24/11/2021,09.00 am,02.00 pm,22/Nov/2021,9:35:58 PM
Chennai,19/11/2021,09.00 am,02.00 pm,17/Nov/2021,6:10:28 PM
Chennai,17-11-2021,09.00 am,02.00 pm,15/Nov/2021,9:30:07 PM
Chennai,10/11-2021,09.00 am,02.00 pm,09/Nov/2021,10:16:23 AM
Chennai,06/11-2021,09.00 am,02.00 pm,05/Nov/2021,9:52:41 PM
Chennai,08/11-2021,09.00 am,02.00 pm,05/Nov/2021,9:52:17 PM
Chennai,30-10-2021,09.00 am,04.00 pm,29/Oct/2021,5:46:33 PM
Chennai,29-10-2021,09.00 am,04.00 pm,27/Oct/2021,9:55:14 PM
Chennai,27-10-2021,09.00 am,04.00 pm,26/Oct/2021,5:17:31 PM
Chennai,28-10-2021,09.00 am,04.00 pm,26/Oct/2021,5:09:54 PM
Chennai,26-10-2021,09.00 am,04.00 pm,25/Oct/2021,9:39:01 PM
Chennai,25-10-2021,09.00 am,04.00 pm,24/Oct/2021,6:04:57 PM
Chennai,23-10-2021,09.00 am,04.00 pm,21/Oct/2021,10:42:54 PM
Chennai,21-10-2021,09.00 am,04.00 pm,19/Oct/2021,9:33:14 PM
Chennai,18-10-2021,09.00 am,04.00 pm,17/Oct/2021,10:11:21 PM
Chennai,16-10-2021,09.00 am,04.00 pm,13/Oct/2021,5:58:33 PM
Chennai,12-10-2021,09.00 am,04.00 pm,10/Oct/2021,11:50:35 AM
Chennai,08/10/2021,09.00 am,04.00 pm,07/Oct/2021,9:24:52 PM
Chennai,07/10/2021,09.00 am,04.00 pm,06/Oct/2021,9:27:20 PM
Chennai,06-10-2021,09.00 am,04.00 pm,06/Oct/2021,7:14:29 AM
Shutdown,05-10-2021,09.00 am,04.00 pm,03/Oct/2021,8:39:00 PM
Chennai,04/10/2021,09.00 am,04.00 pm,03/Oct/2021,8:35:54 PM
Chennai,01/10/2021,09.00 am,04.00 pm,30/Sep/2021,7:14:27 AM
Chennai,30/09/2021,09.00 am,02.00 pm,28/Sep/2021,6:23:46 PM
Chennai,28/09/2021,09.00 am,02.00 pm,28/Sep/2021,7:17:36 AM
Chennai,27/09/2021,09.00 am,02.00 pm,27/Sep/2021,7:15:46 AM
Chennai,24/09/2021,09.00 am,02.00 pm,22/Sep/2021,6:15:58 PM
Chennai,23/09/2021,09.00 am,02.00 pm,22/Sep/2021,6:10:10 PM
Chennai,22/09/2021,09.00 am,02.00 pm,20/Sep/2021,9:41:32 PM
Chennai,20/09/2021,09.00 am,02.00 pm,19/Sep/2021,10:47:44 PM
Chennai,18/09/2021,09.00 am,02.00 pm,16/Sep/2021,10:17:56 PM
Chennai,15/09/2021,09.00 am,02.00 pm,15/Sep/2021,9:45:01 AM
Chennai,13-09-2021,09.00 am,02.00 pm,12/Sep/2021,12:03:13 PM
Chennai,14-09-2021,09.00 am,02.00 pm,12/Sep/2021,12:03:09 PM
Chennai,09/09/2021,9 am,2 pm,08/Sep/2021,10:52:06 PM
Chennai,08/09/2021,09.00 am,02.00 pm,07/Sep/2021,10:37:27 PM
Chennai,03/09/2021,09.00 am,02.00 pm,02/Sep/2021,12:50:32 PM
Chennai,02/09/2021,09.00 am,02.00 pm,01/Sep/2021,11:49:39 AM
Chennai,01/09/2021,09.00 am,02.00 pm,30/Aug/2021,9:54:31 AM
Chennai,31/08/2021,09.00 am,02.00 pm,30/Aug/2021,9:51:42 AM
Friday,27/08/2021,09.00 am,02.00 pm,26/Aug/2021,10:14:03 PM
Chennai,28/08/2021,09.00 am,02.00 pm,26/Aug/2021,10:03:44 PM
Chennai,26/08/2021,09.00 am,02.00 pm,26/Aug/2021,9:24:08 AM
Chennai,25/08/2021,09.00 am,02.00 pm,25/Aug/2021,8:37:58 AM
Chennai,24/08/2021,09.00 am,02.00 pm,23/Aug/2021,10:18:56 AM
Chennai,Monday(23/08/2021,09.00 am,02.00 pm,22/Aug/2021,10:14:18 PM
Chennai,12/08/2021,09.00 am,02.00 pm,12/Aug/2021,1:05:18 PM
Chennai,10/08/2021,09.00 am,02.00 pm,09/Aug/2021,10:09:45 PM
Chennai,11/08/2021,09.00 am,02.00 pm,09/Aug/2021,10:09:07 PM
Today,07/08/2021,09.00 am,05.00 pm,06/Aug/2021,11:46:58 AM
Chennai,06/08/2021,09.00 am,05.00 pm,06/Aug/2021,9:32:34 AM
Chennai,02/08/2021,09.00 am,05.00 pm,01/Aug/2021,6:21:57 PM
Chennai,03/08/2021,09.00 am,02.00 pm,01/Aug/2021,6:18:11 PM
Today,31-07-2021,09.00 am,05.00 pm,30/Jul/2021,9:41:27 PM
Chennai,Today(29-07-2021,09.00 am,02.00 pm,28/Jul/2021,9:04:00 AM
Chennai,28-07-2021,09.00 am,02.00 pm,28/Jul/2021,8:47:29 AM
Chennai,26-07-2021,09.00 am,02.00 pm,26/Jul/2021,9:24:11 AM
Chennai,27-07-2021,09.00 am,02.00 pm,24/Jul/2021,9:54:53 AM
Today,23-07-2021,9 am,2 pm,23/Jul/2021,7:45:09 AM
Today,24-07-2021,09.00 am,02.00 pm,23/Jul/2021,7:43:52 AM
Today,22-07-2021,9 am,5 pm,21/Jul/2021,8:20:52 AM
Chennai,19-07-2021,09.00 am,02.00 pm,19/Jul/2021,8:21:11 AM
Today,20-07-2021,09.00 am,02.00 pm,19/Jul/2021,8:16:52 AM
Today,17-07-2021,09.00 am,02.00 pm,16/Jul/2021,8:27:40 AM
Chennai,Today(16-07-2021,09.00 am,05.00 pm,15/Jul/2021,10:08:55 AM
Today,15-07-2021,09.00 am,05.00 pm,13/Jul/2021,9:38:11 PM
Today,12-07-2021,09.00 am,05.00 pm,10/Jul/2021,8:46:20 AM
Today,29-06-2021,09.00 am,01.00 pm,28/Jun/2021,10:23:59 PM
Sunday,27-06-2021,09.00 am,01.00 pm,26/Jun/2021,6:02:34 PM
Today,28-06-2021,09.00 am,01.00 pm,26/Jun/2021,5:55:59 PM
Today,26-06-2021,09.00 am,01.00 pm,25/Jun/2021,8:23:07 PM
Friday,25-06-2021,09.00 am,01.00 pm,24/Jun/2021,2:53:09 PM
Thursday,24-06-2021,09.00 am,01.00 pm,23/Jun/2021,10:25:02 AM
Wednesday,23-06-2021,09.00 am,01.00 pm,22/Jun/2021,9:59:05 AM
Monday,21-06-2021,09.00 am,01.00 pm,21/Jun/2021,8:12:07 AM
Chennai,22-06-2021,09.00 am,01.00 pm,21/Jun/2021,8:05:26 AM
Today,19-06-2021,09.00 am,01.00 pm,18/Jun/2021,2:25:58 PM
Today,02-06-2021,09.00 am,12.00 pm,31/May/2021,9:57:15 PM
Today,01-06-2021,09.00 am,05.00 pm,31/May/2021,7:05:30 PM
(,30-04-2021,09.00 am,05.00 pm,28/Apr/2021,9:45:58 PM
Thursday,29-04-2021,9 am,5 pm,28/Apr/2021,9:42:43 PM
Today,28-04-2021,09.00 am,05.00 pm,26/Apr/2021,8:49:54 PM
Tuesday(,27-04-2021,09.00 am,05.00 pm,26/Apr/2021,8:45:59 PM
Today,26-04-2021,09.00 am,05.00 pm,26/Apr/2021,4:03:05 PM
Tomorrow,23-04-2021,09.00 am,05.00 pm,21/Apr/2021,6:38:48 PM
Today,22-04-2021,09.00 am,05.00 pm,21/Apr/2021,10:36:44 AM
Wednesday,21-04-2021,09.00 am,05.00 pm,19/Apr/2021,6:23:32 PM
20-04-2021,Tuesday,09.00 am,05.00 pm,19/Apr/2021,6:18:19 PM
on,19-04-2021,09.00 am,05.00 pm,19/Apr/2021,9:53:43 AM
Today,17-04-2021,09.00 am,05.00 pm,17/Apr/2021,9:06:09 AM
Today,16-04-2021,09.00 am,05.00 pm,15/Apr/2021,10:15:32 AM
Today,31-03-2021,09.00 am,02.00 pm,30/Mar/2021,9:46:12 AM
Today,30-03-2021,09.00 am,02.00 pm,29/Mar/2021,9:47:02 AM
Today,25-03-2021,09.00 am,02.00 pm,24/Mar/2021,8:11:35 AM
Today,24-03-2021,09.00 am,02.00 pm,23/Mar/2021,9:00:04 AM
Today,23-03-2021,09.00 am,02.00 pm,22/Mar/2021,9:41:12 AM
Today,20-03-2021,09.00 am,02.00 pm,19/Mar/2021,9:30:10 AM
Today,18-03-2021,09.00 am,02.00 pm,17/Mar/2021,8:45:41 AM
Today,17-03-2021,09.00 am,02.00 pm,16/Mar/2021,8:57:31 AM
Today,16-03-2021,09.00 am,05.00 pm,15/Mar/2021,9:20:09 AM
Chennai,Friday(12-03-2021,09.00 am,02.00 pm,11/Mar/2021,8:47:57 AM
Tomorrow,11-03-2021,09.00 am,02.00 pm,09/Mar/2021,12:06:37 PM
Tuesday,09-03-2021,09.00 am,02.00 pm,08/Mar/2021,9:30:22 AM
Today,06-03-2021,09.00 am,02.00 pm,04/Mar/2021,9:52:31 PM
Today,05-03-2021,09.00 am,02.00 pm,04/Mar/2021,9:49:26 AM
Today,04-03-2021,09.00 am,02.00 pm,03/Mar/2021,10:15:56 AM
Today,03-03-2021,09.00 am,02.00 pm,02/Mar/2021,9:43:27 AM
Today,02-03-2021,09.00 am,02.00 pm,01/Mar/2021,11:50:39 AM
Today,27-02-2021,09.00 am,05.00 pm,26/Feb/2021,3:51:16 PM
Today,23-02-2021,09.00 am,02.00 pm,22/Feb/2021,9:59:07 AM
Tomorrow,18-02-2021,09.00 am,02.00 pm,17/Feb/2021,10:45:19 AM
Tomorrow,16-02-2021,09.00 am,02.00 pm,15/Feb/2021,9:50:24 AM
Today,12-02-2021,09.00 am,02.00 pm,11/Feb/2021,10:11:52 AM
Tuesday,09-02-2021,09.00 am,02.00 pm,08/Feb/2021,5:36:09 PM
Chennai,Saturday(06/02/2021,09.00 am,02.00 pm,05/Feb/2021,10:20:54 AM
(Feb,05,09.00 am,02.00 pm,03/Feb/2021,2:36:25 PM
(Feb,04,09.00 am,02.00 pm,03/Feb/2021,2:33:34 PM
Tomorrow,02-02-2021,09.00 am,02.00 pm,01/Feb/2021,10:52:27 AM
Today,30-01-2021,09.00 am,02.00 pm,29/Jan/2021,1:31:24 PM
Friday,29-01-2021,09.00 am,02.00 pm,28/Jan/2021,10:56:43 AM
January,28,9 am,2 pm,27/Jan/2021,4:02:19 PM
Today,25-01-2021,09.00 am,02.00 pm,23/Jan/2021,8:23:50 AM
Friday,22-01-2021,09.00 am,02.00 pm,21/Jan/2021,10:07:25 AM
on,21-01-2021,09.00 am,02.00 pm,20/Jan/2021,7:25:51 PM
Friday,08-01-2021,09.00 am,02.00 pm,07/Jan/2021,9:30:11 PM
Tomorrow,07/01/2021,09.00 am,02.00 pm,06/Jan/2021,10:46:18 AM
Today,05/01/2021,09.00 am,02.00 pm,04/Jan/2021,12:39:16 PM
Today,30/12/2020,09.00 am,02.00 pm,29/Dec/2020,12:17:25 PM
Today,29/12/2020,09.00 am,02.00 pm,25/Dec/2020,7:18:34 PM
Tomorrow,28/12/2020,09.00 am,02.00 pm,25/Dec/2020,7:14:11 PM
Today,24/12/2020,09.00 am,02.00 pm,23/Dec/2020,6:01:19 PM
Today,23/12/2020,09.00 am,02.00 pm,23/Dec/2020,8:40:12 AM
Tuesday,22-12-2020,09.00 am,02.00 pm,21/Dec/2020,9:57:25 AM
Today,21-12-2020,09.00 am,02.00 pm,21/Dec/2020,9:51:58 AM
Today,19/12/2020,09.00 am,02.00 pm,17/Dec/2020,10:31:01 PM
Today,15/12/2020,09.00 am,02.00 pm,12/Dec/2020,10:22:20 AM
Today,11/12/2020,09.00 am,02.00 pm,10/Dec/2020,9:24:47 AM
Today,05/12/2020,09.00 am,02.00 pm,04/Dec/2020,9:58:17 AM
Tomorrow,24/11/2020,09.00 am,02.00 pm,23/Nov/2020,10:46:25 AM
on,21-11-2020,09.00 am,02.00 pm,20/Nov/2020,9:09:04 PM
Today,18/11/2020,09.00 am,02.00 pm,17/Nov/2020,8:47:37 AM
Today,17/11/2020,09.00 am,02.00 pm,17/Nov/2020,8:42:51 AM
Tomorrow,12/11/2020,09.00 am,02.00 pm,11/Nov/2020,6:03:42 PM
Today,11/11/2020,09.00 am,02.00 pm,10/Nov/2020,9:38:31 AM
Today,07/11/2020,09.00 am,02.00 pm,06/Nov/2020,9:17:26 AM
Today,05/11/2020,09.00 am,02.00 pm,04/Nov/2020,10:01:50 AM
Today,31/10/2020,09.00 am,02.00 pm,30/Oct/2020,9:00:52 AM
Today,29/10/2020,9 am,2 pm,28/Oct/2020,9:01:39 AM
Today,28/10/2020,09.00 am,02.00 pm,26/Oct/2020,12:49:01 PM
Today,21-10-2020,09.00 am,02.00 pm,20/Oct/2020,9:45:37 AM
Today,20/10/2020,9 am,2 pm,20/Oct/2020,8:34:44 AM
Tomorrow,17/10/2020,9 am,2 pm,16/Oct/2020,8:46:21 AM
Today,16/10/2020,9 am,2 pm,15/Oct/2020,4:10:03 PM
Tomorrow,15/10/2020,9 am,2 pm,14/Oct/2020,9:37:22 AM
Today,14/10/2020,9 am,2 pm,13/Oct/2020,8:25:18 AM
Today,13/10/2020,9 am,2 pm,10/Oct/2020,12:31:57 PM
on,09-10-2020,09.00 am,02.00 pm,09/Oct/2020,9:14:51 AM
Tomorrow,08/10/2020,9 am,2 pm,07/Oct/2020,8:54:14 AM
Today,07/10/2020,9 am,2 pm,07/Oct/2020,8:46:44 AM
Today,25/09/2020,9 am,2 pm,24/Sep/2020,9:01:47 AM
Today,24/09/2020,9 am,2 pm,23/Sep/2020,9:47:14 AM
Today,23/09/2020,9 am,2 pm,23/Sep/2020,9:37:59 AM
Today,10/09/2020,9 am,2 pm,10/Sep/2020,1:16:01 PM
Today,09/09/2020,9 am,2 pm,09/Sep/2020,8:41:23 AM
Today,08/09/2020,9 am,2 pm,08/Sep/2020,7:39:59 AM
Today,05/09/2020,9 am,2 pm,04/Sep/2020,8:22:12 AM
Today,03/09/2020,9 am,2 pm,03/Sep/2020,9:04:33 AM
Today,28/08/2020,9 am,2 pm,28/Aug/2020,10:13:36 AM
Today,27/08/2020,9 am,2 pm,26/Aug/2020,8:18:34 AM
Today,26/08/2020,9 am,2 pm,25/Aug/2020,12:24:34 PM
Today,24/08/2020,9 am,2 pm,24/Aug/2020,1:55:00 PM
Today,21/08/2020,9 am,2 pm,20/Aug/2020,9:45:14 AM
Today,20/08/2020,9 am,2 pm,20/Aug/2020,9:36:29 AM
Today,18/08/2020,9 am,2 pm,17/Aug/2020,8:47:04 PM
Tomorrow,13/08/2020,9 am,2 pm,12/Aug/2020,3:04:24 PM
Today,12/08/2020,9 am,2 pm,11/Aug/2020,9:33:23 AM
Today,10/08/2020,9 am,2 pm,09/Aug/2020,12:55:45 PM
Tomorrow,07/08/2020,09:00 AM,02:00 PM,06/Aug/2020,10:31:58 AM
Tomorrow,05/08/2020,09:00 AM,02:00 PM,04/Aug/2020,9:51:25 AM
Tomorrow,04/08/2020,09:00 AM,02:00 PM,03/Aug/2020,5:24:29 PM
Today,03/08/2020,09:00 AM,02:00 PM,03/Aug/2020,9:18:55 AM
Today,31/07/2020,09:00 AM,02:00 PM,31/Jul/2020,9:22:03 AM
Tomorrow,04/03/2020,09:00 AM,05:00 PM,03/Mar/2020,10:25:34 AM
Tomorrow,29/02/2020,09:00 AM,05:00 PM,28/Feb/2020,10:49:54 AM
Tomorrow,28/02/2020,09:00 AM,05:00 PM,27/Feb/2020,10:21:16 AM
Tomorrow,27/02/2020,09:00 AM,05:00 PM,26/Feb/2020,10:32:25 AM
Tomorrow,26/02/2020,09:00 AM,05:00 PM,25/Feb/2020,9:56:42 AM
Tomorrow,25/02/2020,09:00 AM,05:00 PM,24/Feb/2020,10:34:41 AM
Tomorrow,21/02/2020,09:00 AM,05:00 PM,20/Feb/2020,5:33:53 PM
Tomorrow,20/02/2020,09:00 AM,05:00 PM,19/Feb/2020,10:18:08 AM
Tomorrow,19/02/2020,09:00 AM,05:00 PM,18/Feb/2020,10:28:26 AM
Tomorrow,18/02/2020,09:00 AM,05:00 PM,17/Feb/2020,11:02:11 AM
Tomorrow,17/02/2020,09:00 AM,05:00 PM,16/Feb/2020,10:18:29 AM
Tomorrow,15/02/2020,09:00 AM,05:00 PM,14/Feb/2020,10:44:15 AM
Tomorrow,14/02/2020,09:00 AM,05:00 PM,13/Feb/2020,10:29:22 AM
Tomorrow,13/02/2020,09:00 AM,05:00 PM,12/Feb/2020,10:47:56 AM
Tomorrow,12/02/2020,09:00 AM,05:00 PM,11/Feb/2020,10:41:27 AM
Tomorrow,11/02/2020,09:00 AM,05:00 PM,10/Feb/2020,10:49:24 AM
Tomorrow,10/02/2020,09:00 AM,05:00 PM,09/Feb/2020,10:18:11 AM
Tomorrow,07/02/2020,09:00 AM,05:00 PM,06/Feb/2020,10:40:08 AM
Tomorrow,06/02/2020,09:00 AM,05:00 PM,05/Feb/2020,10:17:07 AM
Tomorrow,05/02/2020,09:00 AM,05:00 PM,04/Feb/2020,10:09:20 AM
Tomorrow,04/02/2020,09:00 AM,05:00 PM,03/Feb/2020,10:26:28 AM
Today,03/02/2020,09:00 AM,05:00 PM,03/Feb/2020,10:16:23 AM
Tomorrow,01/02/2020,09:00 AM,05:00 PM,31/Jan/2020,2:36:32 PM
Tomorrow,31/01/2020,09:00 AM,05:00 PM,30/Jan/2020,10:32:36 AM
Tomorrow,30/01/2020,09:00 AM,05:00 PM,29/Jan/2020,10:02:40 AM
Tomorrow,29/01/2020,09:00 AM,05:00 PM,28/Jan/2020,9:58:27 AM
Tomorrow,28/01/2020,09:00 AM,05:00 PM,27/Jan/2020,11:06:51 AM
Today,27/01/2020,09:00 AM,05:00 PM,27/Jan/2020,11:02:22 AM
Tomorrow,24/01/2020,09:00 AM,05:00 PM,23/Jan/2020,10:23:33 AM
Tomorrow,23/01/2020,09:00 AM,05:00 PM,22/Jan/2020,10:33:56 AM
Tomorrow,22/01/2020,09:00 AM,05:00 PM,21/Jan/2020,12:40:56 PM
Tomorrow,21/01/2020,09:00 AM,05:00 PM,20/Jan/2020,10:19:39 AM
Tomorrow,10/01/2020,09:00 AM,05:00 PM,09/Jan/2020,9:55:27 AM
Tomorrow,09/01/2020,09:00 AM,05:00 PM,08/Jan/2020,10:44:42 AM
Tomorrow,07/01/2020,09:00 AM,05:00 PM,06/Jan/2020,9:47:51 AM
Tomorrow,04/01/2020,09:00 AM,05:00 PM,03/Jan/2020,10:39:03 AM
Tomorrow,03/01/2020,09:00 AM,05:00 PM,02/Jan/2020,5:18:31 PM
27,today,09:00 AM,05:00 PM,27/Dec/2019,11:08:20 AM
Tomorrow,24/12/2019,09:00 AM,05:00 PM,23/Dec/2019,10:16:27 AM
Tomorrow,21/12/2019,09:00 AM,05:00 PM,20/Dec/2019,10:42:47 AM
Tomorrow,07/12/2019,09:00 AM,05:00 PM,06/Dec/2019,10:13:38 AM
Tomorrow,05/12/2019,09:00 AM,05:00 PM,04/Dec/2019,9:46:19 AM
Tomorrow,30/11/2019,09:00 AM,05:00 PM,29/Nov/2019,9:48:09 AM
Tomorrow,28/11/2019,09:00 AM,05:00 PM,27/Nov/2019,10:41:09 AM
Tomorrow,27/11/2019,09:00 AM,05:00 PM,26/Nov/2019,10:14:10 AM
Tomorrow,26/11/2019,09:00 AM,05:00 PM,25/Nov/2019,9:40:52 AM
Tomorrow,22/11/2019,09:00 AM,05:00 PM,21/Nov/2019,10:09:18 AM
Tomorrow,21/11/2019,09:00 AM,05:00 PM,20/Nov/2019,9:55:43 AM
Tomorrow,19/11/2019,09:00 AM,05:00 PM,18/Nov/2019,9:40:23 AM
Tomorrow,16/11/2019,09:00 AM,05:00 PM,15/Nov/2019,10:27:40 AM
Tomorrow,15/11/2019,09:00 AM,05:00 PM,14/Nov/2019,10:00:33 AM
Tomorrow,14/11/2019,09:00 AM,05:00 PM,13/Nov/2019,9:59:53 AM
Tomorrow,13/11/2019,09:00 AM,05:00 PM,12/Nov/2019,9:55:44 AM
Tomorrow,09/11/2019,09:00 AM,05:00 PM,08/Nov/2019,9:43:08 AM
Tomorrow,08/11/2019,09:00 AM,05:00 PM,07/Nov/2019,12:24:09 PM
Tomorrow,07/11/2019,09:00 AM,05:00 PM,06/Nov/2019,10:09:28 AM
Tomorrow,05/11/2019,09:00 AM,05:00 PM,04/Nov/2019,9:44:26 AM
Tomorrow,31/10/2019,09:00 AM,05:00 PM,30/Oct/2019,10:47:50 AM
Tomorrow,23-10-2019,09:00 AM,05:00 PM,22/Oct/2019,10:04:52 AM
Tomorrow,22-10-2019,09:00 AM,05:00 PM,21/Oct/2019,10:32:50 AM
Tomorrow,19-10-2019,09:00 AM,05:00 PM,18/Oct/2019,10:03:32 AM
Tomorrow,18-10-2019,9 am,5 pm,17/Oct/2019,9:58:10 AM
Tomorrow,17-10-2019,9 am,4 pm.,16/Oct/2019,10:02:22 AM
Tomorrow,16-10-2019,9 am,4 pm.,15/Oct/2019,9:25:28 AM
Tomorrow,15-10-2019,9 am,4 pm.,14/Oct/2019,11:28:06 AM
Tomorrow,11-10-2019,9 am,4 pm.,10/Oct/2019,9:55:56 AM
Tomorrow,10-10-2019,9 am,4 pm.,09/Oct/2019,11:51:27 AM
Tomorrow,05-10-2019,9 am,4 pm.,04/Oct/2019,6:05:00 PM
Tomorrow,03-07-2019,9 am,4 pm,02/Jul/2019,10:00:17 AM
Tomorrow,02-07-2019,9 am,4 pm,01/Jul/2019,10:05:27 AM
Tomorrow,29-06-2019,9 am,4 pm,28/Jun/2019,11:11:39 AM
Tomorrow,07-05-2019,from9.00 am,"4.00 pm,",06/May/2019,9:43:43 AM
2018(,Friday,9 am,4 pm:,23/Aug/2018,9:57:24 AM
Aug,2018,9 am,4 pm:,22/Aug/2018,9:45:26 AM
Jul,2018,9 am,4 pm,23/Jul/2018,10:03:05 AM
on,31-01-2018,09.00 am,04.00 pm,30/Jan/2018,11:02:15 AM
on,05-08-17,10.00 am,04.00 pm,03/Aug/2017,4:38:00 PM
on,01-08-17,10.00 am,04.00 pm,31/Jul/2017,2:57:45 PM
on,29-07-17,10.00 am,04.00 pm,27/Jul/2017,4:26:14 PM
on,26-04-17,06.00 am,02.00pm.,24/Apr/2017,4:49:32 PM
26th,March,9.00 AM,5.00 PM,25/Mar/2016,2:38:48 PM
on,19-02-2016,09.00 am,02.00 pm,18/Feb/2016,9:36:57 AM
on,18/11/2014,9.00 AM,2.00 PM,16/Nov/2014,9:21:51 AM
on,17/11/2014,9.00 AM,2.00 PM,16/Nov/2014,9:05:20 AM
on,15/11/2014,9.00 AM,2.00 PM,14/Nov/2014,10:07:38 AM
on,14/11/2014,9.00 AM,2.00 PM,12/Nov/2014,4:27:17 PM
on,13/11/2014,9.00 AM,2.00 PM,11/Nov/2014,4:11:21 PM
on,12/11/2014,9.00 AM,2.00 PM,10/Nov/2014,5:51:28 PM
on,11/11/2014,9.00 AM,2.00 PM,10/Nov/2014,9:59:30 AM
on,08/11/2014,9.00 AM,2.00 PM,06/Nov/2014,5:41:34 PM
on,07/11/2014,9.00 AM,2.00 PM,05/Nov/2014,6:11:17 PM
on,06/11/2014,9.00 AM,2.00 PM,03/Nov/2014,5:00:36 PM
on,05/11/2014,9.00 AM,2.00 PM,03/Nov/2014,4:59:09 PM
on,03/11/2014,9.00 AM,2.00 PM,02/Nov/2014,11:14:53 AM
on,31/10/2014,9.00 AM,2.00 PM,30/Oct/2014,9:49:21 AM
on,30/10/2014,9.00 AM,2.00 PM,28/Oct/2014,4:56:48 PM
on,29/10/2014,9.00 AM,2.00 PM,27/Oct/2014,5:56:07 PM
on,28/10/2014,9.00 AM,2.00 PM,27/Oct/2014,5:51:12 PM
on,28/10/2014,9.00 AM,2.00 PM,25/Oct/2014,6:11:19 PM
on,27/10/2014,9.00 AM,2.00 PM,25/Oct/2014,6:09:54 PM
on,25/10/2014,9.00 AM,2.00 PM,24/Oct/2014,11:04:26 AM
on,24/10/2014,9.00 AM,2.00 PM,24/Oct/2014,11:02:30 AM
on,20/10/2014,9.00 AM,2.00 PM,19/Oct/2014,11:08:55 AM
on,18/10/2014,9.00 AM,2.00 PM,17/Oct/2014,10:11:25 AM
on,17/10/2014,9.00 AM,2.00 PM,16/Oct/2014,10:31:53 AM
on,16/10/2014,9.00 AM,2.00 PM,15/Oct/2014,10:13:05 AM
on,15/10/2014,9.00 AM,2.00 PM,13/Oct/2014,6:14:25 PM
on,14/10/2014,9.00 AM,2.00 PM,11/Oct/2014,5:09:49 PM
on,13/10/2014,9.00 AM,2.00 PM,11/Oct/2014,5:06:20 PM
on,11/10/2014,9.00 AM,2.00 PM,09/Oct/2014,5:45:49 PM
on,10/10/2014,9.00 AM,2.00 PM,09/Oct/2014,5:41:06 PM
on,09/10/2014,9.00 AM,2.00 PM,07/Oct/2014,5:16:30 PM
on,08/10/2014,9.00 AM,2.00 PM,06/Oct/2014,9:52:30 AM
on,07/10/2014,9.00 AM,2.00 PM,06/Oct/2014,9:30:08 AM
through,SMS,9 am,5 pm,04/Oct/2014,12:33:02 PM
on,27/09/2014,9.00 AM,2.00 PM,25/Sep/2014,4:51:09 PM
on,26/09/2014,9.00 AM,2.00 PM,24/Sep/2014,5:25:55 PM
on,25/09/2014,9.00 AM,2.00 PM,23/Sep/2014,3:41:43 PM
on,24/09/2014,9.00 AM,2.00 PM,22/Sep/2014,3:38:07 PM
on,20/09/2014,9.00 AM,2.00 PM,18/Sep/2014,5:10:17 PM
on,19/09/2014,9.00 AM,2.00 PM,17/Sep/2014,4:38:55 PM
on,18/09/2014,9.00 AM,2.00 PM,16/Sep/2014,5:14:13 PM
on,17/09/2014,9.00 AM,2.00 PM,15/Sep/2014,5:09:09 PM
on,16/09/2014,9.00 AM,2.00 PM,13/Sep/2014,6:29:46 PM
on,15/09/2014,9.00 AM,2.00 PM,13/Sep/2014,6:13:05 PM
on,13/09/2014,9.00 AM,2.00 PM,11/Sep/2014,4:12:47 PM
on,12/09/2014,9.00 AM,2.00 PM,10/Sep/2014,4:17:17 PM
on,11/09/2014,9.00 AM,2.00 PM,09/Sep/2014,3:56:40 PM
on,10/09/2014,9.00 AM,2.00 PM,08/Sep/2014,4:59:46 PM
on,09/09/2014,9.00 AM,2.00 PM,06/Sep/2014,3:39:11 PM
on,08/09/2014,9.00 AM,2.00 PM,06/Sep/2014,3:36:19 PM
on,06/09/2014,9.00 AM,2.00 PM,04/Sep/2014,4:15:42 PM
on,05/09/2014,9.00 AM,2.00 PM,03/Sep/2014,4:21:35 PM
on,03/09/2014,9.00 AM,2.00 PM,01/Sep/2014,4:36:05 PM
on,30/08/2014,9.00 AM,2.00 PM,29/Aug/2014,9:56:54 AM
on,28/08/2014,9.00 AM,2.00 PM,26/Aug/2014,5:06:32 PM
on,27/08/2014,9.00 AM,2.00 PM,25/Aug/2014,4:03:05 PM
on,26/08/2014,9.00 AM,2.00 PM,23/Aug/2014,4:53:05 PM
on,25/08/2014,9.00 AM,2.00 PM,23/Aug/2014,4:50:59 PM
on,23/08/2014,9.00 AM,2.00 PM,21/Aug/2014,4:52:53 PM
on,22/08/2014,9.00 AM,2.00 PM,21/Aug/2014,4:48:52 PM
on,21/08/2014,9.00 AM,2.00 PM,19/Aug/2014,3:50:49 PM
on,20/08/2014,9.00 AM,2.00 PM,18/Aug/2014,3:46:03 PM
on,19/08/2014,9.00 AM,2.00 PM,16/Aug/2014,2:57:41 PM
on,18/08/2014,9.00 AM,2.00 PM,16/Aug/2014,2:55:58 PM
on,16/08/2014,9.00 AM,2.00 PM,14/Aug/2014,5:36:40 PM
on,14/08/2014,9.00 AM,2.00 PM,12/Aug/2014,5:24:13 PM
on,13/08/2014,9.00 AM,2.00 PM,11/Aug/2014,4:13:52 PM
on,12/08/2014,9.00 AM,2.00 PM,09/Aug/2014,1:49:40 PM
on,11/08/2014,9.00 AM,2.00 PM,09/Aug/2014,1:48:18 PM
on,09/08/2014,9.00 AM,2.00 PM,07/Aug/2014,5:46:00 PM
on,08/08/2014,9.00 AM,2.00 PM,06/Aug/2014,4:56:20 PM
on,07/08/2014,9.00 AM,2.00 PM,05/Aug/2014,3:49:26 PM
on,06/08/2014,9.00 AM,2.00 PM,04/Aug/2014,3:41:51 PM
on,05/08/2014,9.00 AM,2.00 PM,02/Aug/2014,5:33:54 PM
on,04/08/2014,9.00 AM,2.00 PM,02/Aug/2014,5:29:49 PM
on,02/08/2014,9.00 AM,2.00 PM,31/Jul/2014,3:47:04 PM
on,31/07/2014,9.00 AM,2.00 PM,28/Jul/2014,5:10:17 PM
on,30/07/2014,9.00 AM,2.00 PM,28/Jul/2014,5:08:02 PM
on,28/07/2014,9.00 AM,2.00 PM,26/Jul/2014,3:47:58 PM
on,26/07/2014,9.00 AM,2.00 PM,25/Jul/2014,9:51:30 AM
on,25/07/2014,9.00 AM,2.00 PM,23/Jul/2014,3:44:24 PM
on,24/07/2014,9.00 AM,2.00 PM,22/Jul/2014,3:56:17 PM
on,23/07/2014,9.00 AM,2.00 PM,21/Jul/2014,4:15:09 PM
on,22/07/2014,9.00 AM,2.00 PM,19/Jul/2014,4:00:11 PM
on,17/07/2014,9.00 AM,2.00 PM,15/Jul/2014,4:15:19 PM
on,15/07/2014,9.00 AM,2.00 PM,11/Jul/2014,5:03:32 PM
on,11/07/2014,9.00 AM,2.00 PM,09/Jul/2014,3:03:18 PM
on,10/07/2014,9.00 AM,2.00 PM,08/Jul/2014,4:09:15 PM
on,09/07/2014,9.00 AM,2.00 PM,07/Jul/2014,4:54:56 PM
on,08/07/2014,9.00 AM,2.00 PM,05/Jul/2014,3:54:44 PM
on,05/07/2014,9.00 AM,2.00 PM,03/Jul/2014,4:34:37 PM
on,04/07/2014,9.00 AM,2.00 PM,02/Jul/2014,3:34:36 PM
on,02/07/2014,9.00 AM,2.00 PM,01/Jul/2014,10:20:37 AM
on,29/06/2014,9.00 AM,2.00 PM,28/Jun/2014,11:23:40 AM
on,28/06/2014,9.00 AM,2.00 PM,26/Jun/2014,4:53:09 PM
on,27/06/2014,9.00 AM,2.00 PM,25/Jun/2014,5:55:38 PM
on,26/06/2014,9.00 AM,2.00 PM,24/Jun/2014,3:55:09 PM
on,25/06/2014,9.00 AM,2.00 PM,23/Jun/2014,4:42:03 PM
on,24/06/2014,9.00 AM,2.00 PM,21/Jun/2014,5:01:29 PM
on,23/06/2014,9.00 AM,2.00 PM,21/Jun/2014,4:59:18 PM
on,21/06/2014,9.00 AM,2.00 PM,19/Jun/2014,4:34:02 PM
on,20/06/2014,9.00 AM,2.00 PM,18/Jun/2014,4:30:02 PM
on,19/06/2014,9.00 AM,2.00 PM,17/Jun/2014,5:18:26 PM
on,18/06/2014,9.00 AM,2.00 PM,16/Jun/2014,4:21:18 PM
on,17/06/2014,9.00 AM,2.00 PM,14/Jun/2014,10:07:32 AM
on,16/06/2014,9.00 AM,2.00 PM,14/Jun/2014,10:06:18 AM
on,13/06/2014,9.00 AM,2.00 PM,11/Jun/2014,5:00:09 PM
on,12/06/2014,9.00 AM,2.00 PM,10/Jun/2014,4:12:15 PM
on,11/06/2014,9.00 AM,2.00 PM,09/Jun/2014,4:03:40 PM
on,10/06/2014,9.00 AM,2.00 PM,09/Jun/2014,10:50:00 AM
on,24/05/2014,9.00 AM,2.00 PM,23/May/2014,2:15:04 PM
On,22/05/2014,9.00 AM,2.00 PM,21/May/2014,11:16:23 AM
On,20/05/2014,9.00 AM,2.00 PM,19/May/2014,10:25:07 AM
On,18/05/2014,9.00 AM,2.00 PM,17/May/2014,6:04:36 PM
on,17/05/2014,9.00 AM,5.00 PM,16/May/2014,2:43:16 PM
on,10/05/2014,9.00 AM,2.00 PM,09/May/2014,4:13:21 PM
on,09/05/2014,9.00 AM,2.00 PM,08/May/2014,3:25:55 PM
on,08/05/2014,9.00 AM,2.00 PM,07/May/2014,12:09:01 PM
on,07/05/2014,9.00 AM,2.00 PM,06/May/2014,11:18:47 AM
